source	target
C00012	C00148
C00012	C00245
C00012	C03193
C00012	C05844
C00245	C03193
C00245	C05844
C03193	C05844
C00012	C00045
C00012	C03363
C00045	C03193
C00045	C03363
C03193	C03363
C00012	C05689
C00012	C05695
C03193	C05689
C03193	C05695
C05689	C05695
C00012	C04506
C00012	C20120
C04506	C20120
C00015	C00075
C00015	C00029
C00015	C00718
C00029	C00718
C00015	C00043
C00015	C00645
C00043	C00645
C00015	C00046
C00015	C00031
C00015	C00052
C00015	C00243
C00031	C00052
C00031	C00243
C00052	C00243
C00015	C00022
C00015	C00074
C00022	C00074
C00022	C00075
C00074	C00075
C00015	C00085
C00015	C00354
C00075	C00085
C00075	C00354
C00085	C00354
C00015	C00110
C00015	C01246
C00029	C00110
C00029	C01246
C00110	C01246
C00015	C00140
C00015	C00611
C00052	C00140
C00052	C00611
C00140	C00611
C00015	C00167
C00015	C01335
C00015	C03033
C00167	C01335
C00167	C03033
C01335	C03033
C00015	C00195
C00015	C01190
C00029	C00195
C00029	C01190
C00195	C01190
C00015	C02686
C00052	C00195
C00052	C02686
C00195	C02686
C00015	C00319
C00015	C01747
C00052	C00319
C00052	C01747
C00319	C01747
C00015	C00342
C00015	C00343
C00015	C01346
C00342	C00343
C00342	C01346
C00343	C01346
C00015	C00203
C00015	C00403
C00015	C04387
C00203	C00403
C00203	C04387
C00403	C04387
C00015	C00468
C00015	C11133
C00167	C00468
C00167	C11133
C00468	C11133
C00015	C00486
C00015	C05787
C00167	C00486
C00167	C05787
C00486	C05787
C00015	C00523
C00015	C11135
C00167	C00523
C00167	C11135
C00523	C11135
C00015	C00535
C00015	C11134
C00167	C00535
C00167	C11134
C00535	C11134
C00015	C01194
C00015	C01288
C00043	C01194
C00043	C01288
C01194	C01288
C00015	C00694
C00015	C04890
C00043	C00694
C00043	C04890
C00694	C04890
C00015	C04891
C00043	C04891
C00694	C04891
C00015	C04855
C00052	C00694
C00052	C04855
C00694	C04855
C00015	C00777
C00015	C11061
C00167	C00777
C00167	C11061
C00777	C11061
C00015	C00951
C00015	C05503
C00167	C00951
C00167	C05503
C00951	C05503
C00015	C01097
C00015	C03785
C00075	C01097
C00075	C03785
C01097	C03785
C00015	C01290
C00052	C01190
C00052	C01290
C01190	C01290
C00015	C01211
C00015	C04487
C00052	C01211
C00052	C04487
C01211	C04487
C00015	C04737
C00052	C04737
C01290	C04737
C00015	C06135
C00203	C01290
C00203	C06135
C01290	C06135
C00015	C01306
C00043	C01306
C00043	C04387
C01306	C04387
C00015	C01702
C00015	C02687
C00029	C01702
C00029	C02687
C01702	C02687
C00015	C03272
C00015	C04925
C00203	C03272
C00203	C04925
C03272	C04925
C00015	C03823
C00015	C04708
C00052	C03823
C00052	C04708
C03823	C04708
C00015	C04373
C00015	C11136
C00167	C04373
C00167	C11136
C04373	C11136
C00015	C05299
C00015	C11132
C00167	C05299
C00167	C11132
C05299	C11132
C00015	C05302
C00015	C11131
C00167	C05302
C00167	C11131
C05302	C11131
C00015	C04648
C00015	C06483
C00203	C04648
C00203	C06483
C04648	C06483
C00015	C04759
C00029	C04487
C00029	C04759
C04487	C04759
C00015	C04845
C00043	C01290
C00043	C04845
C01290	C04845
C00015	C04500
C00015	C04537
C00043	C04500
C00043	C04537
C04500	C04537
C00015	C04502
C00015	C04818
C00052	C04502
C00052	C04818
C04502	C04818
C00015	C04847
C00052	C04847
C00611	C04847
C00015	C04866
C00052	C04648
C00052	C04866
C04648	C04866
C00015	C04750
C00015	C04902
C00043	C04750
C00043	C04902
C04750	C04902
C00015	C04730
C00015	C04884
C00203	C04730
C00203	C04884
C04730	C04884
C00015	C04800
C00015	C04913
C00203	C04800
C00203	C04913
C04800	C04913
C00015	C04825
C00015	C04903
C00167	C04825
C00167	C04903
C04825	C04903
C00015	C04910
C00052	C04845
C00052	C04910
C04845	C04910
C00015	C04911
C00052	C04884
C00052	C04911
C04884	C04911
C00015	C04930
C00043	C04930
C04902	C04930
C00015	C04906
C00015	C04934
C00043	C04906
C00043	C04934
C04906	C04934
C00015	C04914
C00015	C04937
C00043	C04914
C00043	C04937
C04914	C04937
C00015	C04922
C00015	C04939
C00043	C04922
C00043	C04939
C04922	C04939
C00015	C04938
C00043	C04938
C04922	C04938
C00015	C04880
C00015	C04943
C00043	C04880
C00043	C04943
C04880	C04943
C00015	C04944
C00015	C05159
C00043	C04944
C00043	C05159
C04944	C05159
C00015	C05141
C00015	C05504
C00167	C05141
C00167	C05504
C05141	C05504
C00015	C06133
C00015	C06134
C00203	C06133
C00203	C06134
C06133	C06134
C00015	C06141
C00052	C06134
C00052	C06141
C06134	C06141
C00015	C06136
C00052	C06135
C00052	C06136
C06135	C06136
C00015	C00518
C00043	C00167
C00043	C00518
C00167	C00518
C00203	C04737
C03272	C04737
C00015	C07490
C00015	C14869
C00167	C07490
C00167	C14869
C07490	C14869
C00015	C15543
C00043	C15543
C04944	C15543
C00015	C04942
C00015	C15544
C00043	C04942
C00043	C15544
C04942	C15544
C00015	C15573
C00015	C15574
C00043	C15573
C00043	C15574
C15573	C15574
C00015	C15575
C00015	C15576
C00167	C15575
C00167	C15576
C15575	C15576
C00015	C15577
C00015	C15578
C00167	C15577
C00167	C15578
C15577	C15578
C00015	C15656
C00043	C04903
C00043	C15656
C04903	C15656
C00015	C11173
C00015	C11376
C00167	C11173
C00167	C11376
C11173	C11376
C00015	C06174
C00015	C16577
C00167	C06174
C00167	C16577
C06174	C16577
C00015	C01516
C00015	C16643
C00167	C01516
C00167	C16643
C01516	C16643
C00015	C16578
C00167	C16578
C01516	C16578
C00015	C00191
C00167	C00191
C00015	C19574
C00015	C19605
C00167	C19574
C00167	C19605
C19574	C19605
C00015	C19606
C00167	C19606
C19574	C19606
C00015	C19645
C00015	C19646
C00167	C19645
C00167	C19646
C19645	C19646
C00015	C02189
C00015	C19802
C00043	C02189
C00043	C19802
C02189	C19802
C00015	C19803
C00015	C19804
C00043	C19803
C00043	C19804
C19803	C19804
C00052	C04922
C04845	C04922
C00015	C20621
C00015	C20622
C00052	C20621
C00052	C20622
C20621	C20622
C00015	C20722
C00015	C20723
C00043	C20722
C00043	C20723
C20722	C20723
C00015	C20734
C00203	C20723
C00203	C20734
C20723	C20734
C00015	C03201
C00015	C20859
C00052	C03201
C00052	C20859
C03201	C20859
C00015	C03518
C00015	C04656
C00052	C03518
C00052	C04656
C03518	C04656
C00015	C21742
C00015	C21743
C00043	C21742
C00043	C21743
C21742	C21743
C00015	C03405
C00015	C22467
C00203	C03405
C00203	C22467
C03405	C22467
C00015	C23067
C00015	C23068
C00203	C23067
C00203	C23068
C23067	C23068
C00016	C00061
C00016	C00093
C00016	C00111
C00016	C01352
C00093	C00111
C00093	C01352
C00111	C01352
C00016	C00136
C00016	C00877
C00136	C00877
C00136	C01352
C00877	C01352
C00016	C00154
C00016	C05272
C00154	C01352
C00154	C05272
C01352	C05272
C00016	C00527
C00527	C00877
C00527	C01352
C00016	C00026
C00016	C02630
C00026	C01352
C00026	C02630
C01352	C02630
C00016	C01944
C00016	C05276
C01352	C01944
C01352	C05276
C01944	C05276
C00016	C01832
C00016	C03221
C01352	C01832
C01352	C03221
C01832	C03221
C00016	C02593
C00016	C05273
C01352	C02593
C01352	C05273
C02593	C05273
C00016	C02939
C00016	C03069
C01352	C02939
C01352	C03069
C02939	C03069
C00016	C05270
C00016	C05271
C01352	C05270
C01352	C05271
C05270	C05271
C00016	C05274
C00016	C05275
C01352	C05274
C01352	C05275
C05274	C05275
C00016	C16071
C00016	C16327
C00016	C16328
C01352	C16327
C01352	C16328
C16327	C16328
C00016	C16331
C00016	C16332
C01352	C16331
C01352	C16332
C16331	C16332
C00016	C16335
C00016	C16336
C01352	C16335
C01352	C16336
C16335	C16336
C00017	C00562
C00017	C00249
C00017	C06412
C00249	C06412
C00017	C01636
C00017	C02163
C00017	C16739
C01636	C02163
C01636	C16739
C02163	C16739
C00018	C00250
C00018	C00027
C00018	C00647
C00027	C00647
C00018	C00627
C00027	C00627
C00019	C00073
C00019	C01137
C00019	C00021
C00019	C00037
C00019	C00213
C00021	C00037
C00021	C00213
C00037	C00213
C00019	C00039
C00019	C02967
C00021	C00039
C00021	C02967
C00039	C02967
C00019	C01764
C00019	C03446
C00021	C01764
C00021	C03446
C01764	C03446
C00019	C04155
C00019	C17325
C00021	C04155
C00021	C17325
C04155	C17325
C00019	C01977
C00019	C04157
C00021	C01977
C00021	C04157
C01977	C04157
C00019	C04160
C00021	C04160
C01977	C04160
C00019	C00155
C00021	C00073
C00021	C00155
C00073	C00155
C00019	C00090
C00019	C01502
C00021	C00090
C00021	C01502
C00090	C01502
C00019	C00145
C00019	C20791
C00021	C00145
C00021	C20791
C00145	C20791
C00019	C00153
C00019	C02918
C00021	C00153
C00021	C02918
C00153	C02918
C00019	C00157
C00019	C04308
C00021	C00157
C00021	C04308
C00157	C04308
C00019	C00300
C00019	C00581
C00021	C00300
C00021	C00581
C00300	C00581
C00019	C00350
C00019	C01241
C00021	C00350
C00021	C01241
C00350	C01241
C00019	C00386
C00019	C01262
C00021	C00386
C00021	C01262
C00386	C01262
C00019	C00388
C00019	C05127
C00021	C00388
C00021	C05127
C00388	C05127
C00019	C00398
C00019	C06213
C00021	C00398
C00021	C06213
C00398	C06213
C00019	C00547
C00019	C00788
C00021	C00547
C00021	C00788
C00547	C00788
C00019	C05589
C00021	C05589
C00547	C05589
C00019	C00580
C00019	C01008
C00021	C00580
C00021	C01008
C00580	C01008
C00019	C00615
C00019	C04087
C00021	C00615
C00021	C04087
C00615	C04087
C00019	C00706
C00019	C02436
C00021	C00706
C00021	C02436
C00706	C02436
C00019	C00780
C00019	C06212
C00021	C00780
C00021	C06212
C00780	C06212
C00019	C04545
C00021	C04545
C01977	C04545
C00019	C05588
C00021	C05588
C00788	C05588
C00019	C00821
C00019	C03391
C00021	C00821
C00021	C03391
C00821	C03391
C00019	C00170
C00019	C00868
C00019	C04510
C00170	C00868
C00170	C04510
C00868	C04510
C00019	C00978
C00019	C01598
C00021	C00978
C00021	C01598
C00978	C01598
C00019	C01161
C00019	C05582
C00021	C01161
C00021	C05582
C01161	C05582
C01241	C04308
C00019	C01756
C00019	C16614
C00021	C01756
C00021	C16614
C01756	C16614
C00019	C01972
C00019	C04833
C00021	C01972
C00021	C04833
C01972	C04833
C00019	C02031
C00019	C02339
C00021	C02031
C00021	C02339
C02031	C02339
C00019	C02188
C00019	C05544
C00021	C02188
C00021	C05544
C02188	C05544
C00019	C04802
C00021	C04802
C02339	C04802
C00019	C02735
C00019	C03711
C00021	C02735
C00021	C03711
C02735	C03711
C00019	C02816
C00019	C03941
C00021	C02816
C00021	C03941
C02816	C03941
C00019	C03306
C00019	C04311
C00021	C03306
C00021	C04311
C03306	C04311
C00019	C03758
C00019	C05587
C00021	C03758
C00021	C05587
C03758	C05587
C00019	C04506
C00019	C04748
C00021	C04506
C00021	C04748
C04506	C04748
C00019	C05200
C00019	C05313
C00021	C05200
C00021	C05313
C05200	C05313
C00019	C05298
C00019	C05299
C00021	C05298
C00021	C05299
C05298	C05299
C00019	C05301
C00019	C05302
C00021	C05301
C00021	C05302
C05301	C05302
C00019	C00856
C00021	C00856
C00856	C02967
C00019	C05545
C00021	C05545
C05544	C05545
C00019	C05546
C00021	C05546
C05545	C05546
C00019	C05576
C00019	C05594
C00021	C05576
C00021	C05594
C05576	C05594
C00019	C05580
C00019	C05584
C00021	C05580
C00021	C05584
C05580	C05584
C00019	C05635
C00019	C05660
C00021	C05635
C00021	C05660
C05635	C05660
C00019	C05688
C00019	C05689
C00021	C05688
C00021	C05689
C05688	C05689
C00019	C06409
C00019	C06410
C00021	C06409
C00021	C06410
C06409	C06410
C00019	C15571
C00019	C15572
C00021	C15571
C00021	C15572
C15571	C15572
C00019	C00283
C00019	C05198
C00019	C14818
C00019	C16236
C00019	C16832
C00019	C22150
C00019	C22151
C00019	C22154
C00019	C22155
C00073	C00283
C00073	C05198
C00073	C14818
C00073	C16236
C00073	C16832
C00073	C22150
C00073	C22151
C00073	C22154
C00073	C22155
C00283	C05198
C00283	C14818
C00283	C16236
C00283	C16832
C00283	C22150
C00283	C22151
C00283	C22154
C00283	C22155
C05198	C14818
C05198	C16236
C05198	C16832
C05198	C22150
C05198	C22151
C05198	C22154
C05198	C22155
C14818	C16236
C14818	C16832
C14818	C22150
C14818	C22151
C14818	C22154
C14818	C22155
C16236	C16832
C16236	C22150
C16236	C22151
C16236	C22154
C16236	C22155
C16832	C22150
C16832	C22151
C16832	C22154
C16832	C22155
C22150	C22151
C22150	C22154
C22150	C22155
C22151	C22154
C22151	C22155
C22154	C22155
C00019	C02380
C00021	C02380
C02380	C16614
C00019	C04646
C00019	C16615
C00021	C04646
C00021	C16615
C04646	C16615
C00019	C16619
C00019	C16620
C00021	C16619
C00021	C16620
C16619	C16620
C00019	C08299
C00021	C08299
C06212	C08299
C00019	C17554
C00019	C17559
C00021	C17554
C00021	C17559
C17554	C17559
C00019	C00399
C00019	C17562
C00021	C00399
C00021	C17562
C00399	C17562
C00019	C02535
C00019	C18872
C00021	C02535
C00021	C18872
C02535	C18872
C00019	C00028
C00019	C00030
C00019	C21310
C00028	C00030
C00028	C00073
C00028	C05198
C00028	C21310
C00030	C00073
C00030	C05198
C00030	C21310
C00073	C21310
C05198	C21310
C00019	C19858
C00019	C19859
C00021	C19858
C00021	C19859
C19858	C19859
C00019	C04441
C00019	C20663
C00170	C04441
C00170	C20663
C04441	C20663
C00019	C20647
C00019	C20648
C00021	C20647
C00021	C20648
C20647	C20648
C00019	C20649
C00019	C20652
C00021	C20649
C00021	C20652
C20649	C20652
C00019	C00022
C00019	C20688
C00019	C20691
C00022	C00073
C00022	C05198
C00022	C20688
C00022	C20691
C00073	C20688
C00073	C20691
C05198	C20688
C05198	C20691
C20688	C20691
C00019	C20659
C00021	C20659
C20649	C20659
C00019	C20660
C00021	C20660
C20659	C20660
C00170	C20652
C00170	C20691
C20652	C20691
C00019	C17023
C00019	C20751
C00019	C20752
C00021	C05198
C00021	C17023
C00021	C20751
C00021	C20752
C00073	C17023
C00073	C20751
C00073	C20752
C05198	C17023
C05198	C20751
C05198	C20752
C17023	C20751
C17023	C20752
C20751	C20752
C00019	C20754
C00073	C20754
C05198	C20754
C17023	C20754
C20751	C20754
C00021	C20754
C20752	C20754
C00019	C20796
C00021	C20796
C20648	C20796
C00019	C02583
C00019	C20858
C00021	C02583
C00021	C20858
C02583	C20858
C00019	C20862
C00021	C20862
C04802	C20862
C00019	C21151
C00021	C04441
C00021	C21151
C04441	C21151
C00019	C00613
C00019	C04143
C00021	C00613
C00021	C04143
C00613	C04143
C00019	C21188
C00021	C21188
C04143	C21188
C00019	C21189
C00021	C21189
C04143	C21189
C00613	C21188
C00613	C21189
C00019	C21798
C00019	C21799
C00021	C21798
C00021	C21799
C21798	C21799
C00019	C21844
C00019	C21845
C00021	C21844
C00021	C21845
C21844	C21845
C00019	C15973
C00019	C22160
C00073	C15973
C00073	C22160
C00283	C15973
C00283	C22160
C05198	C15973
C05198	C22160
C14818	C15973
C14818	C22160
C15973	C22150
C15973	C22151
C15973	C22154
C15973	C22155
C15973	C22160
C22150	C22160
C22151	C22160
C22154	C22160
C22155	C22160
C00019	C02972
C00019	C22159
C00073	C02972
C00073	C22159
C00283	C02972
C00283	C22159
C02972	C05198
C02972	C14818
C02972	C22150
C02972	C22151
C02972	C22154
C02972	C22155
C02972	C22159
C05198	C22159
C14818	C22159
C22150	C22159
C22151	C22159
C22154	C22159
C22155	C22159
C00019	C00390
C00019	C21860
C00021	C00390
C00021	C21860
C00390	C21860
C00019	C00051
C00019	C00342
C00019	C00343
C00019	C07295
C00019	C22431
C00021	C00051
C00021	C00342
C00021	C00343
C00021	C07295
C00021	C22431
C00051	C00342
C00051	C00343
C00051	C07295
C00051	C22431
C00342	C07295
C00342	C22431
C00343	C07295
C00343	C22431
C07295	C22431
C00019	C20300
C00021	C20300
C00051	C20300
C00342	C20300
C00343	C20300
C20300	C22431
C00019	C22417
C00021	C22417
C00051	C22417
C00342	C22417
C00343	C22417
C22417	C22431
C00021	C00212
C00155	C00212
C00022	C00068
C00022	C05125
C00068	C05125
C00022	C00125
C00022	C00126
C00022	C00256
C00125	C00126
C00125	C00256
C00126	C00256
C00022	C00149
C00022	C00036
C00022	C00065
C00022	C00024
C00022	C01011
C00024	C01011
C00022	C00025
C00022	C00026
C00022	C00041
C00025	C00026
C00025	C00041
C00026	C00041
C00022	C00288
C00036	C00288
C00022	C00037
C00022	C00048
C00037	C00041
C00037	C00048
C00041	C00048
C00022	C01127
C00048	C01127
C00022	C05946
C00048	C05946
C00022	C00060
C00022	C02119
C00060	C02119
C00022	C00063
C00022	C00112
C00063	C00074
C00063	C00112
C00074	C00112
C00022	C00168
C00041	C00065
C00041	C00168
C00065	C00168
C00022	C00186
C00022	C00104
C00074	C00104
C00022	C00097
C00022	C00283
C00097	C00283
C00022	C00122
C00022	C02514
C00122	C02514
C00022	C00131
C00022	C00206
C00074	C00131
C00074	C00206
C00131	C00206
C00022	C00155
C00022	C02291
C00155	C02291
C00022	C15972
C00022	C16255
C15972	C16255
C00022	C00270
C00022	C00645
C00270	C00645
C00022	C00286
C00022	C00361
C00074	C00286
C00074	C00361
C00286	C00361
C00022	C00349
C00022	C01205
C00041	C00349
C00041	C01205
C00349	C01205
C00022	C00201
C00022	C00454
C00074	C00201
C00074	C00454
C00201	C00454
C00022	C00491
C00022	C01962
C00491	C01962
C00022	C00812
C00022	C02749
C00812	C02749
C00022	C00342
C00022	C00343
C00022	C00957
C00283	C00342
C00283	C00343
C00283	C00957
C00342	C00957
C00343	C00957
C00022	C01336
C00022	C02882
C01336	C02882
C00022	C05698
C00022	C05699
C05698	C05699
C00022	C00027
C00022	C00133
C00027	C00133
C00022	C05689
C00022	C05703
C05689	C05703
C00022	C20485
C00048	C20485
C00022	C00109
C00022	C02356
C00041	C00109
C00041	C02356
C00109	C02356
C00022	C20904
C00022	C00145
C00145	C02882
C00022	C02743
C00022	C21440
C00957	C02743
C00957	C21440
C02743	C21440
C00022	C22382
C00645	C22382
C00024	C00033
C00024	C00083
C00024	C05993
C00024	C00332
C00024	C00025
C00024	C00624
C00025	C00624
C00024	C00036
C00024	C00158
C00036	C00158
C00024	C00037
C00024	C03508
C00037	C03508
C00024	C00040
C00024	C00264
C00040	C00264
C00024	C00049
C00024	C01042
C00049	C01042
C00024	C00222
C00024	C00288
C00083	C00288
C00024	C00091
C00024	C02232
C00091	C02232
C00024	C00100
C00024	C03344
C00100	C03344
C00024	C00114
C00024	C01996
C00114	C01996
C00024	C00134
C00024	C02714
C00134	C02714
C00024	C00135
C00024	C02997
C00135	C02997
C00024	C00136
C00024	C05269
C00136	C05269
C00024	C00164
C00024	C00356
C00164	C00356
C00024	C00229
C00024	C03939
C00229	C03939
C00332	C00356
C00024	C00352
C00024	C00357
C00352	C00357
C00024	C00292
C00024	C07565
C00292	C07565
C00024	C00487
C00024	C02571
C00487	C02571
C00024	C15973
C00024	C16255
C15973	C16255
C00024	C00780
C00024	C00978
C00780	C00978
C00024	C04317
C00024	C04598
C04317	C04598
C00024	C01997
C00024	C02415
C01997	C02415
C00024	C15534
C00024	C15535
C15534	C15535
C00024	C01944
C00024	C05265
C01944	C05265
C00024	C01832
C00024	C05261
C01832	C05261
C00024	C02297
C00024	C03687
C02297	C03687
C00024	C02593
C00024	C05259
C02593	C05259
C00024	C03318
C00024	C04149
C03318	C04149
C00024	C04419
C00024	C06250
C00083	C04419
C00083	C06250
C04419	C06250
C00024	C04384
C00024	C04649
C04384	C04649
C00024	C05263
C00024	C05274
C05263	C05274
C00024	C05267
C00024	C05270
C05267	C05270
C00024	C05726
C00024	C05727
C05726	C05727
C00024	C00638
C00083	C00638
C00024	C00512
C00024	C07118
C00512	C07118
C00024	C00527
C00024	C06715
C00527	C06715
C00024	C16330
C00024	C16331
C16330	C16331
C00024	C16334
C00024	C16335
C16334	C16335
C00024	C16338
C00024	C16339
C16338	C16339
C00024	C16169
C00024	C16376
C16169	C16376
C00024	C16173
C00024	C16389
C16173	C16389
C00024	C16396
C00024	C16420
C16396	C16420
C00024	C16466
C00024	C16470
C16466	C16470
C00024	C03069
C00024	C16471
C03069	C16471
C00024	C07054
C00024	C07585
C07054	C07585
C00024	C07447
C00024	C16622
C07447	C16622
C00024	C05361
C05361	C07447
C00024	C22490
C00024	C22491
C22490	C22491
C00024	C00128
C00024	C22979
C00128	C22979
C00024	C23016
C00024	C23017
C23016	C23017
C00024	C23006
C00024	C23007
C23006	C23007
C00024	C23021
C00024	C23022
C23021	C23022
C00024	C02188
C00024	C20743
C02188	C20743
C00025	C03287
C00025	C01165
C00025	C01879
C00025	C00064
C00025	C00857
C00064	C00857
C00025	C00334
C00025	C00036
C00025	C00049
C00026	C00036
C00026	C00049
C00036	C00049
C00025	C00037
C00025	C00048
C00026	C00037
C00026	C00048
C00025	C00051
C00025	C01419
C00051	C01419
C00025	C00063
C00025	C00075
C00063	C00064
C00063	C00075
C00064	C00075
C00025	C00169
C00025	C00288
C00064	C00169
C00064	C00288
C00169	C00288
C00025	C00152
C00049	C00064
C00049	C00152
C00064	C00152
C00025	C00077
C00026	C00077
C00026	C01165
C00077	C01165
C00025	C04322
C00026	C04322
C00077	C04322
C00025	C00079
C00025	C00166
C00026	C00079
C00026	C00166
C00079	C00166
C00025	C03912
C00025	C00082
C00025	C01179
C00026	C00082
C00026	C01179
C00082	C01179
C00025	C00085
C00025	C00352
C00064	C00085
C00064	C00352
C00085	C00352
C00025	C00097
C00025	C00669
C00097	C00669
C00025	C00957
C00026	C00097
C00026	C00957
C00097	C00957
C00025	C00099
C00025	C00222
C00026	C00099
C00026	C00222
C00099	C00222
C00025	C00101
C00025	C09332
C00101	C09332
C00025	C00119
C00025	C03090
C00064	C00119
C00064	C03090
C00119	C03090
C00025	C00123
C00025	C00233
C00026	C00123
C00026	C00233
C00123	C00233
C00025	C00141
C00025	C00183
C00026	C00141
C00026	C00183
C00141	C00183
C00025	C00144
C00025	C00655
C00064	C00144
C00064	C00655
C00144	C00655
C00025	C00232
C00026	C00232
C00026	C00334
C00232	C00334
C00025	C00234
C00025	C05928
C00234	C05928
C00025	C00322
C00025	C00956
C00026	C00322
C00026	C00956
C00322	C00956
C00025	C00328
C00025	C01252
C00026	C00328
C00026	C01252
C00328	C01252
C00025	C00407
C00025	C00671
C00026	C00407
C00026	C00671
C00407	C00671
C00025	C00415
C00025	C00921
C00415	C00921
C00025	C00439
C00025	C00664
C00101	C00439
C00101	C00664
C00439	C00664
C00025	C00449
C00025	C04076
C00449	C04076
C00025	C00506
C00025	C05528
C00026	C00506
C00026	C05528
C00506	C05528
C00025	C00606
C00025	C05527
C00026	C00606
C00026	C05527
C00606	C05527
C00025	C01045
C00025	C03479
C00101	C01045
C00101	C03479
C01045	C03479
C00025	C02282
C00025	C06112
C00064	C02282
C00064	C06112
C02282	C06112
C00025	C02320
C00025	C05729
C02320	C05729
C00025	C02512
C00025	C05711
C02512	C05711
C00025	C05670
C00025	C06114
C05670	C06114
C00025	C03227
C00025	C05645
C00026	C03227
C00026	C05645
C03227	C05645
C00025	C01005
C00025	C03232
C00026	C01005
C00026	C03232
C01005	C03232
C00025	C03284
C00025	C06002
C00026	C03284
C00026	C06002
C03284	C06002
C00025	C03402
C00025	C06113
C00064	C03402
C00064	C06113
C03402	C06113
C00025	C03541
C00101	C03541
C00025	C04376
C00025	C04640
C00064	C04376
C00064	C04640
C04376	C04640
C00025	C05946
C00025	C05947
C00026	C05946
C00026	C05947
C05946	C05947
C00025	C06054
C00025	C06055
C00026	C06054
C00026	C06055
C06054	C06055
C00025	C05929
C05928	C05929
C00025	C01641
C00025	C02987
C01641	C02987
C00025	C00073
C00025	C01180
C00026	C00073
C00026	C01180
C00073	C01180
C00025	C16618
C00025	C16619
C00064	C16618
C00064	C16619
C16618	C16619
C00025	C02166
C00025	C05951
C02166	C05951
C00025	C00158
C00025	C20775
C00158	C20775
C00025	C01042
C00025	C12270
C01042	C12270
C00025	C20776
C01042	C20776
C12270	C20776
C00025	C00109
C00025	C02356
C00026	C00109
C00026	C02356
C00025	C21015
C02356	C21015
C00025	C01717
C00026	C01717
C00328	C01717
C00026	C00433
C00026	C00311
C00026	C05379
C00026	C00940
C00026	C00028
C00026	C00030
C00026	C03196
C00028	C03196
C00030	C03196
C00026	C00068
C00026	C05381
C00068	C05381
C00026	C00047
C00026	C00449
C00047	C00449
C00026	C00302
C00097	C00302
C00302	C00957
C00026	C00042
C00026	C00148
C00026	C01157
C00042	C00148
C00042	C01157
C00148	C01157
C00026	C15972
C00026	C16254
C15972	C16254
C00026	C00487
C00026	C01181
C00042	C00487
C00042	C01181
C00487	C01181
C00026	C01078
C00026	C04397
C00042	C01078
C00042	C04397
C01078	C04397
C00026	C04398
C00042	C04398
C01078	C04398
C00026	C00164
C00026	C01087
C00026	C03197
C00164	C01087
C00164	C03197
C01087	C03197
C00026	C01211
C00026	C02188
C00042	C01211
C00042	C02188
C01211	C02188
C00026	C01259
C00026	C03793
C00042	C01259
C00042	C03793
C01259	C03793
C00026	C02871
C00026	C03957
C00042	C02871
C00042	C03957
C02871	C03957
C00026	C02060
C00026	C07343
C00042	C02060
C00042	C07343
C02060	C07343
C00026	C00067
C00026	C05544
C00026	C05545
C00042	C00067
C00042	C05544
C00042	C05545
C00067	C05544
C00067	C05545
C00067	C02188
C02188	C05545
C00026	C20649
C00026	C20661
C00042	C20649
C00042	C20661
C20649	C20661
C00028	C01087
C00030	C01087
C00026	C02967
C00026	C21031
C00042	C02967
C00042	C21031
C02967	C21031
C00026	C00821
C00026	C03391
C00042	C00821
C00042	C03391
C00067	C00821
C00067	C03391
C00026	C01419
C00026	C21858
C01419	C21858
C00026	C22076
C00042	C22076
C02188	C22076
C00026	C05546
C00042	C05546
C00067	C05546
C05544	C05546
C02188	C05546
C00026	C00613
C00026	C22296
C00042	C00613
C00042	C22296
C00613	C22296
C00026	C00615
C00026	C22519
C00042	C00615
C00042	C22519
C00615	C22519
C00026	C22620
C00042	C22620
C21031	C22620
C00026	C22621
C00042	C22621
C22620	C22621
C00027	C01525
C00027	C02318
C01525	C02318
C00027	C03680
C00027	C05565
C03680	C05565
C00027	C00051
C00027	C00127
C00051	C00127
C00027	C00704
C00027	C00036
C00027	C00049
C00027	C00402
C00036	C00402
C00027	C00037
C00027	C00048
C00027	C00040
C00027	C00658
C00040	C00658
C00027	C00160
C00048	C00160
C00027	C00059
C00027	C00094
C00059	C00094
C00027	C00067
C00027	C00132
C00067	C00132
C00027	C00213
C00037	C00067
C00067	C00213
C00027	C00060
C00027	C00071
C00060	C00071
C00027	C00073
C00027	C01180
C00027	C00078
C00027	C00331
C00078	C00331
C00027	C00079
C00027	C00166
C00027	C00082
C00027	C01179
C00027	C00134
C00027	C00555
C00134	C00555
C00027	C00151
C00027	C00161
C00151	C00161
C00027	C00405
C00161	C00405
C00027	C15565
C00161	C15565
C00027	C00250
C00027	C00847
C00250	C00847
C00027	C00534
C00250	C00534
C00027	C00314
C00250	C00314
C00027	C00262
C00027	C00385
C00262	C00385
C00027	C00283
C00027	C00409
C00067	C00283
C00067	C00409
C00283	C00409
C00027	C00375
C00071	C00375
C00027	C00366
C00366	C00385
C00027	C00376
C00027	C00777
C00376	C00777
C00027	C00388
C00027	C05130
C00388	C05130
C00027	C00398
C00027	C00637
C00398	C00637
C00027	C00407
C00027	C00671
C00027	C00408
C00027	C00450
C00408	C00450
C00027	C00483
C00027	C03765
C00483	C03765
C00027	C00515
C00027	C01110
C00515	C01110
C00027	C00546
C00027	C01888
C00546	C01888
C00027	C00547
C00027	C05577
C00547	C05577
C00027	C00601
C00027	C05332
C00601	C05332
C00027	C00628
C00027	C05585
C00628	C05585
C00027	C00632
C00027	C05640
C00632	C00704
C00632	C05640
C00704	C05640
C00027	C00708
C00027	C01382
C00708	C01382
C00027	C00763
C00027	C03564
C00763	C03564
C00027	C00780
C00027	C05634
C00780	C05634
C00027	C00218
C00027	C00788
C00218	C00788
C00218	C05577
C00788	C05577
C00027	C00792
C00027	C03771
C00792	C03771
C00027	C00986
C00027	C05665
C00986	C05665
C00027	C01060
C00027	C01829
C00027	C02218
C01060	C01829
C01060	C02218
C01829	C02218
C00027	C01079
C00027	C02191
C01079	C02191
C00027	C00028
C00027	C00030
C00027	C02170
C00027	C06002
C02170	C06002
C00027	C00315
C00027	C02567
C00027	C18170
C00315	C02567
C00315	C18170
C02567	C18170
C00027	C02465
C00027	C02515
C01060	C02465
C01060	C02515
C02218	C02465
C02218	C02515
C02465	C02515
C00027	C02714
C00027	C05936
C02714	C05936
C00027	C02723
C00027	C06178
C02723	C06178
C00027	C02918
C00027	C05843
C02918	C05843
C00027	C03263
C00027	C05770
C03263	C05770
C00027	C03440
C00027	C04282
C03440	C04282
C00027	C02188
C00027	C03531
C02188	C03531
C00027	C03758
C00027	C04043
C03758	C04043
C00027	C05127
C00027	C05827
C05127	C05827
C00027	C05581
C00027	C05587
C05581	C05587
C00027	C05583
C00027	C05589
C05583	C05589
C00027	C05588
C00218	C05583
C00218	C05588
C05583	C05588
C00027	C05635
C05634	C05635
C00027	C05636
C00027	C05637
C05636	C05637
C00027	C05638
C00027	C05639
C05638	C05639
C00027	C10974
C02723	C10974
C00027	C05167
C00161	C05167
C00067	C00218
C00027	C01672
C00027	C12455
C01672	C12455
C00027	C00097
C00027	C06751
C00027	C15604
C00097	C06751
C00097	C15604
C06751	C15604
C00027	C00916
C00027	C04712
C00916	C04712
C00027	C16168
C00027	C16374
C16168	C16374
C00027	C16358
C00027	C16359
C16358	C16359
C00027	C16172
C00027	C16387
C16172	C16387
C00027	C13747
C00027	C16356
C13747	C16356
C00027	C07480
C00027	C16360
C07480	C16360
C00027	C16353
C00027	C16355
C16353	C16355
C00027	C02380
C00027	C16613
C02380	C16613
C00027	C00543
C00027	C07572
C00027	C16612
C00543	C07572
C00543	C16612
C07572	C16612
C00027	C16608
C00218	C16608
C00218	C16612
C16608	C16612
C00027	C16609
C16609	C16612
C00027	C16610
C16610	C16612
C00027	C15493
C00027	C16681
C15493	C16681
C00027	C05842
C02918	C05842
C00027	C16730
C00027	C16731
C00027	C16732
C00027	C16734
C16730	C16731
C16730	C16732
C16730	C16734
C16731	C16732
C16731	C16734
C16732	C16734
C00027	C16729
C16729	C16731
C16729	C16734
C00027	C00612
C00134	C00612
C00134	C18170
C00612	C18170
C00027	C00750
C00315	C00750
C00315	C05665
C00750	C05665
C00027	C03461
C00027	C19691
C00097	C03461
C00097	C19691
C03461	C19691
C00027	C00698
C00027	C19697
C00698	C19697
C00027	C20744
C00027	C20745
C00027	C21299
C00027	C21300
C00071	C21299
C00071	C21300
C21299	C21300
C00027	C21423
C00027	C21424
C00027	C05360
C00027	C07054
C00027	C21754
C05360	C07054
C05360	C21754
C07054	C21754
C00027	C00100
C00027	C00894
C00100	C00894
C00027	C00147
C00027	C22499
C00147	C22499
C00027	C22500
C22499	C22500
C00028	C00427
C00028	C05956
C00030	C00427
C00030	C05956
C00427	C05956
C00028	C00114
C00028	C00576
C00030	C00114
C00030	C00576
C00114	C00576
C00028	C00219
C00030	C00219
C00219	C00427
C00028	C00630
C00028	C03460
C00030	C00630
C00030	C03460
C00630	C03460
C00028	C03345
C00028	C15980
C00030	C03345
C00030	C15980
C03345	C15980
C00028	C00041
C00028	C01528
C00028	C05688
C00030	C00041
C00030	C01528
C00030	C05688
C00041	C01528
C00041	C05688
C01528	C05688
C00028	C00708
C00028	C01829
C00028	C02465
C00030	C00708
C00030	C01829
C00030	C02465
C00708	C01829
C00708	C02465
C01829	C02465
C00028	C04679
C00028	C07282
C00030	C04679
C00030	C07282
C04679	C07282
C00028	C05176
C00028	C05202
C00030	C05176
C00030	C05202
C05176	C05202
C00028	C00191
C00028	C05787
C00028	C05791
C00030	C00191
C00030	C05787
C00030	C05791
C00191	C05787
C00191	C05791
C05787	C05791
C00028	C00473
C00028	C15492
C00030	C00473
C00030	C15492
C00473	C15492
C00028	C00187
C00028	C15519
C00030	C00187
C00030	C15519
C00187	C15519
C00028	C07639
C00030	C07639
C00708	C07639
C01829	C07639
C00028	C15613
C00028	C15614
C00030	C15613
C00030	C15614
C15613	C15614
C00028	C15670
C00028	C15672
C00030	C15670
C00030	C15672
C15670	C15672
C00028	C15811
C00028	C15812
C00028	C15813
C00028	C15814
C00030	C15811
C00030	C15812
C00030	C15813
C00030	C15814
C15811	C15812
C15811	C15813
C15811	C15814
C15812	C15813
C15812	C15814
C15813	C15814
C00028	C05460
C00028	C17343
C00030	C05460
C00030	C17343
C05460	C17343
C00028	C05447
C00028	C17346
C00030	C05447
C00030	C17346
C05447	C17346
C00028	C00097
C00028	C18237
C00028	C21486
C00030	C00097
C00030	C18237
C00030	C21486
C00041	C00097
C00041	C18237
C00041	C21486
C00097	C18237
C00097	C21486
C18237	C21486
C00028	C00067
C00028	C02188
C00028	C05545
C00030	C00067
C00030	C02188
C00030	C05545
C00028	C05544
C00030	C05544
C00028	C22328
C00028	C22329
C00030	C22328
C00030	C22329
C22328	C22329
C00029	C00167
C00029	C00103
C00029	C00075
C00075	C00103
C00029	C00052
C00029	C00446
C00052	C00103
C00052	C00446
C00103	C00446
C00031	C01083
C00031	C00208
C00031	C00092
C00031	C00185
C00031	C00104
C00092	C00104
C00031	C00089
C00031	C00095
C00089	C00095
C00031	C00962
C00243	C00962
C00031	C00124
C00031	C05402
C00124	C05402
C00031	C00131
C00031	C00206
C00092	C00131
C00092	C00206
C00031	C00195
C00031	C01190
C00031	C00252
C00031	C00267
C00252	C00267
C00031	C00369
C00031	C00721
C00031	C00561
C00031	C00844
C00561	C00844
C00031	C01898
C00185	C01898
C00031	C08325
C00844	C08325
C00031	C00963
C00031	C01335
C00963	C01335
C00031	C04542
C00031	C04817
C04542	C04817
C00031	C05712
C00031	C05713
C05712	C05713
C00031	C05838
C00031	C05839
C05838	C05839
C00031	C00718
C00208	C00718
C00031	C00319
C00031	C03108
C00319	C03108
C00032	C02191
C00032	C14818
C02191	C14818
C00032	C00237
C00032	C00500
C00032	C03024
C00032	C03161
C00237	C00500
C00237	C03024
C00237	C03161
C00237	C14818
C00500	C03024
C00500	C03161
C00500	C14818
C03024	C03161
C03024	C14818
C03161	C14818
C00032	C00524
C00032	C02248
C00524	C02248
C00032	C00448
C00032	C15672
C00448	C15672
C00033	C05993
C00033	C00227
C00033	C00049
C00033	C01042
C00033	C00077
C00033	C00437
C00077	C00437
C00033	C00084
C00033	C00114
C00033	C01996
C00033	C00146
C00033	C00548
C00146	C00548
C00033	C00270
C00033	C03708
C00270	C03708
C00033	C00352
C00033	C00357
C00033	C01288
C00033	C04248
C01288	C04248
C00033	C03081
C00033	C03837
C03081	C03837
C00033	C04317
C00033	C04598
C00033	C00530
C00033	C13636
C00530	C13636
C00033	C15583
C00033	C15584
C15583	C15584
C00033	C04675
C00033	C16466
C04675	C16466
C00033	C01227
C00033	C03024
C00033	C03161
C00033	C05138
C01227	C03024
C01227	C03161
C01227	C05138
C03024	C05138
C03161	C05138
C00033	C00280
C00033	C01176
C00280	C01176
C00280	C03024
C00280	C03161
C01176	C03024
C01176	C03161
C00033	C04015
C00270	C04015
C00033	C04017
C00270	C04017
C00033	C05726
C00033	C05727
C00033	C00301
C00033	C22131
C00301	C22131
C00033	C20658
C00301	C20658
C00033	C07328
C00033	C12296
C07328	C12296
C00033	C00523
C00033	C22832
C00523	C03024
C00523	C03161
C00523	C22832
C03024	C22832
C03161	C22832
C00033	C05284
C00033	C05497
C03024	C05284
C03024	C05497
C03161	C05284
C03161	C05497
C05284	C05497
C00036	C00149
C00036	C02362
C00036	C03981
C00036	C00074
C00036	C00104
C00036	C05840
C00037	C00040
C00037	C02055
C00040	C02055
C00037	C00051
C00037	C00669
C00051	C00669
C00037	C00062
C00037	C00077
C00037	C00581
C00062	C00077
C00062	C00581
C00077	C00581
C00037	C00065
C00037	C00168
C00048	C00065
C00048	C00168
C00037	C00101
C00037	C00143
C00037	C04253
C00037	C04570
C00101	C00143
C00101	C00213
C00101	C04253
C00101	C04570
C00143	C00213
C00143	C04253
C00143	C04570
C00213	C04253
C00213	C04570
C04253	C04570
C00037	C00091
C00037	C00430
C00091	C00430
C00037	C00097
C00037	C01419
C00097	C01419
C00065	C00101
C00065	C00143
C00037	C00512
C00037	C01586
C00512	C01586
C00037	C01242
C00037	C02051
C01242	C02051
C00037	C01642
C00037	C02412
C01642	C02412
C00037	C01794
C00037	C01921
C01794	C01921
C00037	C03090
C00037	C03838
C03090	C03838
C00037	C05726
C00037	C05729
C05726	C05729
C00037	C05337
C00037	C05466
C05337	C05466
C00037	C01217
C00037	C04377
C00065	C01217
C00065	C04377
C01217	C04377
C00037	C21015
C00037	C21016
C21015	C21016
C00039	C00131
C00039	C00286
C00039	C00458
C00039	C00459
C00039	C00677
C00039	C02128
C00039	C00455
C00455	C02128
C00039	C00144
C00144	C02128
C00040	C00605
C00040	C04253
C00040	C04570
C00605	C04253
C00605	C04570
C00040	C00064
C00040	C02716
C00064	C02716
C00040	C00093
C00040	C00681
C00093	C00681
C00040	C00111
C00040	C03372
C00111	C03372
C00040	C00157
C00040	C04230
C00157	C04230
C00040	C00165
C00040	C02112
C00165	C02112
C00040	C00187
C00040	C02530
C00187	C02530
C00040	C00195
C00040	C00319
C00195	C00319
C00040	C00339
C00040	C02434
C00339	C02434
C00040	C00416
C00416	C00681
C00040	C00422
C00040	C00641
C00422	C00641
C00040	C00473
C00040	C02075
C00473	C02075
C00040	C04317
C00040	C05212
C04317	C05212
C00040	C01885
C00641	C01885
C00040	C00350
C00040	C04438
C00350	C04438
C00040	C00836
C00040	C12126
C00836	C12126
C00040	C00083
C00083	C00264
C00041	C00108
C00041	C00328
C00108	C00328
C00041	C00632
C00041	C03227
C00632	C03227
C00041	C00886
C00041	C01635
C00886	C01635
C00041	C02700
C00041	C05653
C02700	C05653
C00041	C15811
C00041	C15812
C00097	C15811
C00097	C15812
C00041	C02743
C00041	C21440
C00097	C02743
C00097	C21440
C00042	C00091
C00042	C00164
C00042	C00332
C00091	C00164
C00091	C00332
C00164	C00332
C00042	C00232
C00042	C00104
C00091	C00104
C00042	C00264
C00042	C01656
C00091	C00264
C00091	C01656
C00264	C01656
C00042	C00356
C00042	C03761
C00091	C00356
C00091	C03761
C00356	C03761
C00042	C00122
C00042	C15602
C00042	C15603
C00122	C15602
C00122	C15603
C15602	C15603
C00042	C00390
C00042	C00399
C00122	C00390
C00122	C00399
C00390	C00399
C00043	C00075
C00043	C04501
C00075	C04501
C00043	C00203
C00043	C00110
C00110	C04500
C00043	C03706
C00043	C04789
C03706	C04789
C00045	C02166
C00045	C05951
C02166	C03363
C03363	C05951
C00046	C00112
C00046	C00063
C00046	C00075
C00046	C00201
C00046	C00454
C00047	C00099
C00047	C05341
C00099	C05341
C00047	C00120
C00047	C05552
C00120	C05552
C00047	C01646
C00047	C01931
C01646	C01931
C00047	C01879
C00047	C21730
C01879	C21730
C00048	C02179
C00048	C03303
C02179	C03303
C00049	C00099
C00049	C00058
C00049	C01044
C00058	C01044
C00049	C00060
C00049	C02715
C00060	C02715
C00049	C00130
C00049	C03794
C00130	C03794
C00049	C00169
C00049	C00438
C00169	C00438
C00049	C00327
C00049	C03406
C00327	C03406
C00049	C01239
C00049	C04540
C01239	C04540
C00049	C04751
C00049	C04823
C04751	C04823
C00049	C01638
C00049	C02984
C01638	C02984
C00049	C05840
C00051	C00058
C00051	C01031
C00058	C01031
C00051	C00097
C00051	C05526
C00097	C05526
C00051	C00151
C00051	C03740
C00151	C01419
C00151	C03740
C01419	C03740
C00051	C00256
C00051	C03451
C00256	C03451
C00051	C00546
C00546	C03451
C00051	C00723
C00051	C02288
C00127	C00723
C00127	C02288
C00723	C02288
C00051	C00909
C00051	C02166
C00909	C02166
C00051	C01025
C00051	C01356
C00127	C01025
C00127	C01356
C01025	C01356
C00051	C00462
C00051	C01322
C00051	C02320
C00462	C01322
C00462	C02320
C01322	C02320
C00051	C02315
C00051	C02582
C00127	C02315
C00127	C02582
C02315	C02582
C00051	C02929
C00051	C03899
C02929	C03899
C00051	C14786
C00051	C14791
C14786	C14791
C00051	C14787
C00051	C14793
C14787	C14793
C00051	C14792
C14787	C14792
C00051	C14802
C00051	C14803
C14802	C14803
C00051	C14804
C14802	C14804
C00051	C14800
C00051	C14805
C14800	C14805
C00051	C14806
C14800	C14806
C00051	C04805
C00051	C05356
C00127	C04805
C00127	C05356
C04805	C05356
C00051	C04742
C00051	C05966
C00127	C04742
C00127	C05966
C04742	C05966
C00051	C14839
C00051	C14847
C14839	C14847
C00051	C14840
C00051	C14848
C14840	C14848
C00051	C14851
C00051	C14855
C14851	C14855
C00051	C14852
C00051	C14856
C14852	C14856
C00051	C14858
C00051	C14861
C14858	C14861
C00051	C01327
C00051	C14857
C00051	C14865
C01327	C14857
C01327	C14865
C14857	C14865
C00051	C14859
C00051	C14864
C01327	C14859
C01327	C14864
C14859	C14864
C00051	C14863
C01327	C14863
C14863	C14865
C00051	C06790
C00051	C14868
C01327	C06790
C01327	C14868
C06790	C14868
C00051	C11088
C00051	C13645
C00051	C14874
C11088	C13645
C11088	C14874
C13645	C14874
C00051	C14870
C00051	C14871
C13645	C14870
C13645	C14871
C14870	C14871
C00051	C07645
C00051	C11583
C07645	C11583
C00051	C00726
C00051	C01326
C00726	C01326
C00726	C02320
C01326	C02320
C00051	C00059
C00051	C16738
C00059	C02320
C00059	C16738
C02320	C16738
C00051	C00094
C00051	C17267
C00094	C17267
C00051	C11278
C00051	C19586
C11278	C19586
C00051	C01879
C01419	C01879
C00051	C21758
C02320	C21758
C00051	C00283
C00051	C15602
C00051	C15603
C00283	C15602
C00283	C15603
C00283	C17267
C15602	C17267
C15603	C17267
C00051	C21787
C00094	C21787
C00051	C01335
C00051	C15498
C00127	C01335
C00127	C15498
C01335	C15498
C00051	C05965
C00051	C14777
C00127	C05965
C00127	C14777
C05965	C14777
C00053	C00224
C00053	C00054
C00053	C00069
C00053	C02000
C00054	C00069
C00054	C02000
C00069	C02000
C00053	C00850
C00053	C15584
C00054	C00850
C00054	C15584
C00850	C15584
C00053	C17141
C00053	C17142
C00054	C17141
C00054	C17142
C17141	C17142
C00053	C00401
C00053	C00634
C00054	C00401
C00054	C00634
C00401	C00634
C00053	C00635
C00054	C00635
C00401	C00635
C00053	C00468
C00053	C02538
C00054	C00468
C00054	C02538
C00468	C02538
C00053	C00585
C00053	C03721
C00054	C00585
C00054	C03721
C00585	C03721
C00053	C01227
C00053	C04555
C00054	C01227
C00054	C04555
C01227	C04555
C00053	C00573
C00054	C00573
C00053	C02592
C00053	C03642
C00054	C02592
C00054	C03642
C02592	C03642
C00053	C02686
C00053	C06125
C00054	C02686
C00054	C06125
C02686	C06125
C00053	C06126
C00053	C06127
C00054	C06126
C00054	C06127
C06126	C06127
C00053	C11553
C00053	C22549
C00054	C11553
C00054	C22549
C11553	C22549
C00053	C11301
C00053	C15557
C00054	C11301
C00054	C15557
C11301	C15557
C00053	C01490
C00053	C15558
C00054	C01490
C00054	C15558
C01490	C15558
C00053	C00187
C00053	C18043
C00054	C00187
C00054	C18043
C00187	C18043
C00053	C01953
C00053	C18044
C00054	C01953
C00054	C18044
C01953	C18044
C00053	C19561
C00053	C19562
C00054	C19561
C00054	C19562
C19561	C19562
C00053	C20825
C00053	C20859
C00054	C20825
C00054	C20859
C20825	C20859
C00053	C20908
C00053	C20909
C00054	C20908
C00054	C20909
C20908	C20909
C00053	C20907
C00054	C20907
C00634	C20907
C01490	C20908
C00053	C01290
C00053	C03405
C00054	C01290
C00054	C03405
C01290	C03405
C00053	C04196
C00053	C22551
C00054	C04196
C00054	C22551
C04196	C22551
C00053	C22554
C00053	C22555
C00054	C22554
C00054	C22555
C22554	C22555
C00054	C01134
C00055	C00475
C00055	C00112
C00055	C00063
C00055	C00093
C00055	C00513
C00093	C00513
C00055	C00157
C00055	C00307
C00055	C00641
C00157	C00307
C00157	C00641
C00307	C00641
C00055	C00195
C00055	C00570
C00055	C06062
C00195	C00570
C00195	C06062
C00570	C06062
C00055	C00269
C00055	C03892
C00093	C00269
C00093	C03892
C00269	C03892
C00055	C00137
C00055	C01194
C00137	C00269
C00137	C01194
C00269	C01194
C00055	C00344
C00055	C05980
C00269	C00344
C00269	C05980
C00344	C05980
C00055	C00350
C00350	C00570
C00350	C00641
C00570	C00641
C00055	C00128
C00055	C01290
C00055	C04730
C00128	C01290
C00128	C04730
C01290	C04730
C00055	C04740
C00128	C04740
C01290	C04740
C00055	C03820
C00055	C04598
C00307	C03820
C00307	C04598
C03820	C04598
C00055	C00611
C00055	C04886
C00128	C00611
C00128	C04886
C00611	C04886
C00055	C04683
C00055	C04887
C00128	C04683
C00128	C04887
C04683	C04887
C00055	C06133
C00128	C06133
C04730	C06133
C00055	C04750
C00055	C04901
C00128	C04750
C00128	C04901
C04750	C04901
C00055	C04791
C00055	C04907
C00128	C04791
C00128	C04907
C04791	C04907
C00055	C04884
C00055	C06135
C00128	C04884
C00128	C06135
C04884	C06135
C00055	C06134
C00128	C06134
C04884	C06134
C00055	C04885
C00055	C04926
C00128	C04885
C00128	C04926
C04885	C04926
C00055	C04911
C00055	C06136
C00128	C04911
C00128	C06136
C04911	C06136
C00055	C04927
C00128	C04927
C04911	C04927
C00055	C06141
C00128	C06141
C04911	C06141
C00055	C04922
C00055	C04936
C00128	C04922
C00128	C04936
C04922	C04936
C00055	C06140
C00128	C06140
C04927	C06140
C00055	C05673
C00055	C05675
C00641	C05673
C00641	C05675
C05673	C05675
C00055	C05674
C00055	C05676
C00641	C05674
C00641	C05676
C05674	C05676
C00055	C06138
C00055	C06139
C00128	C06138
C00128	C06139
C06138	C06139
C06140	C06141
C00055	C11377
C00128	C11377
C04791	C11377
C00055	C03201
C00055	C04475
C00570	C03201
C00570	C04475
C03201	C04475
C00055	C03454
C00055	C04756
C00570	C03454
C00570	C04756
C03454	C04756
C00055	C05212
C00307	C03201
C00307	C05212
C03201	C05212
C00055	C00588
C00307	C00588
C00055	C15939
C00055	C16177
C00128	C15939
C00128	C16177
C15939	C16177
C00058	C04895
C00058	C00101
C00058	C00234
C00101	C00234
C00058	C00108
C00058	C05653
C00108	C05653
C00058	C00328
C00058	C02700
C00328	C02700
C00058	C00468
C00058	C03024
C00058	C03161
C00058	C05297
C00468	C03024
C00468	C03161
C00468	C05297
C03024	C05297
C03161	C05297
C00058	C00951
C00058	C05295
C00951	C03024
C00951	C03161
C00951	C05295
C03024	C05295
C03161	C05295
C00058	C03617
C00058	C04258
C03617	C04258
C00058	C05648
C00058	C05651
C05648	C05651
C00058	C05922
C00058	C05923
C05922	C05923
C00058	C11439
C00058	C11440
C11439	C11440
C00058	C01724
C00058	C11455
C01724	C03024
C01724	C03161
C01724	C11455
C03024	C11455
C03161	C11455
C00058	C01943
C00058	C11508
C01943	C03024
C01943	C03161
C01943	C11508
C03024	C11508
C03161	C11508
C00058	C00237
C00058	C08276
C00058	C15606
C00237	C08276
C00237	C15606
C08276	C15606
C00058	C01180
C01180	C15606
C00058	C00535
C00535	C00951
C00535	C03024
C00535	C03161
C00058	C00280
C00280	C00468
C00058	C21918
C00058	C21919
C03024	C21918
C03024	C21919
C03161	C21918
C03161	C21919
C21918	C21919
C00058	C21921
C03024	C21921
C03161	C21921
C21919	C21921
C00058	C00138
C00058	C00139
C00138	C00139
C00138	C21918
C00138	C21919
C00139	C21918
C00139	C21919
C00138	C21921
C00139	C21921
C00138	C01724
C00138	C11455
C00139	C01724
C00139	C11455
C00059	C00224
C00059	C00329
C00059	C01075
C00329	C01075
C00059	C01227
C00059	C04555
C00059	C02686
C00059	C06125
C00059	C00187
C00059	C18043
C00059	C01953
C00059	C18044
C00059	C01290
C00059	C03405
C00060	C02133
C00060	C00069
C00060	C02391
C00069	C02391
C00060	C00114
C00060	C01777
C00114	C01777
C00060	C00151
C00060	C02850
C00151	C02850
C00060	C00157
C00060	C04230
C00060	C04233
C00157	C04233
C00060	C00165
C00060	C00422
C00165	C00422
C00060	C00195
C00060	C00319
C00060	C00670
C00670	C04233
C00060	C01885
C00165	C01885
C00060	C00241
C00670	C04230
C00060	C00116
C00116	C01885
C00060	C04635
C00060	C04756
C04635	C04756
C00060	C04317
C00060	C05212
C00060	C01021
C00060	C20735
C01021	C20735
C00061	C00255
C00062	C00086
C00077	C00086
C00062	C00327
C00062	C00533
C00327	C00533
C00062	C05933
C00062	C00179
C00062	C00099
C00062	C05340
C00099	C05340
C00062	C00122
C00062	C03406
C00122	C03406
C00062	C00245
C00062	C01959
C00077	C00245
C00077	C01959
C00245	C01959
C00062	C00301
C00062	C01201
C00301	C01201
C00062	C00334
C00062	C01035
C00077	C00334
C00077	C01035
C00334	C01035
C00062	C01636
C00062	C02163
C00063	C00085
C00063	C00354
C00085	C00112
C00112	C00354
C00063	C00110
C00063	C00381
C00110	C00112
C00110	C00381
C00112	C00381
C00063	C00128
C00063	C00270
C00128	C00270
C00063	C00269
C00063	C00416
C00269	C00416
C00063	C00307
C00063	C00588
C00063	C00346
C00063	C00570
C00346	C00570
C00063	C05674
C00063	C06459
C05674	C06459
C00063	C00591
C00063	C01064
C00591	C01064
C00063	C00789
C00063	C01068
C00789	C01068
C00063	C01097
C00063	C03785
C00112	C01097
C00112	C03785
C00063	C03410
C00063	C03691
C03410	C03691
C00063	C03557
C00063	C05673
C03557	C05673
C00063	C02211
C00063	C19085
C02211	C19085
C00063	C19078
C02211	C19078
C00063	C19080
C19078	C19080
C00063	C20934
C00063	C21384
C20934	C21384
C00064	C00079
C00064	C00166
C00064	C00940
C00079	C00940
C00166	C00940
C00064	C01640
C01640	C02282
C00065	C01005
C00065	C00740
C00065	C02218
C00065	C00097
C00065	C00283
C00065	C00154
C00065	C02934
C00154	C02934
C00065	C00155
C00065	C00542
C00155	C00542
C00065	C02291
C00065	C01650
C00065	C02553
C01650	C02553
C00065	C05698
C00065	C05699
C00065	C00189
C00065	C00350
C00065	C02737
C00189	C00350
C00189	C02737
C00350	C02737
C00065	C06481
C00065	C16636
C06481	C16636
C00066	C03523
C00066	C03880
C03523	C03880
C00067	C01516
C00067	C03024
C00067	C03161
C00067	C06174
C01516	C03024
C01516	C03161
C01516	C06174
C03024	C06174
C03161	C06174
C00067	C07481
C00067	C13747
C07481	C13747
C00067	C11785
C01516	C11785
C03024	C11785
C03161	C11785
C00068	C01081
C00068	C03028
C00068	C00378
C00068	C15972
C00068	C16255
C05125	C15972
C05125	C16255
C00068	C16254
C05381	C15972
C05381	C16254
C00068	C00118
C00068	C00231
C00068	C13378
C00118	C00231
C00118	C13378
C00231	C13378
C00068	C00117
C00068	C05382
C00117	C05382
C00117	C13378
C05382	C13378
C00068	C00141
C00068	C15976
C00141	C15976
C00068	C15977
C15972	C15976
C15972	C15977
C15976	C15977
C00068	C00233
C00068	C15974
C00233	C15974
C00068	C15975
C15972	C15974
C15972	C15975
C15974	C15975
C00068	C00671
C00068	C15978
C00671	C15978
C00068	C15979
C15972	C15978
C15972	C15979
C15978	C15979
C00068	C00109
C00068	C21017
C00109	C21017
C00068	C21018
C15972	C21017
C15972	C21018
C21017	C21018
C00069	C01153
C00069	C00191
C00069	C03033
C00191	C03033
C00069	C01019
C00069	C02475
C01019	C02475
C00069	C00071
C00071	C00226
C00071	C00162
C00071	C00670
C00071	C04517
C00670	C04517
C00071	C01233
C00071	C04635
C01233	C04635
C00072	C00547
C00072	C01041
C00072	C03758
C00547	C01041
C00547	C03758
C01041	C03758
C00072	C02303
C00072	C03303
C01041	C02303
C01041	C03303
C02303	C03303
C00072	C14818
C00072	C14819
C01041	C14818
C01041	C14819
C14818	C14819
C00073	C00101
C00073	C00440
C00101	C00155
C00101	C00440
C00155	C00440
C00073	C00719
C00073	C01026
C00155	C00719
C00155	C01026
C00719	C01026
C00073	C01647
C00073	C02430
C01647	C02430
C00073	C00342
C00073	C00343
C00073	C15999
C00342	C15999
C00343	C15999
C00073	C03172
C00155	C03172
C00074	C00631
C00074	C00270
C00074	C00645
C00074	C00686
C00074	C01200
C00686	C01200
C00074	C04257
C00074	C06241
C04257	C06241
C00074	C00275
C00074	C21383
C00275	C21383
C00075	C06198
C00075	C00203
C00075	C18060
C00203	C18060
C00077	C00134
C00077	C00151
C00077	C00161
C00151	C01165
C00161	C01165
C00077	C00169
C00077	C00327
C00169	C00327
C00078	C02700
C00078	C00398
C00078	C00268
C00078	C00272
C00078	C00643
C00268	C00272
C00268	C00643
C00272	C00643
C00078	C01652
C00078	C03512
C01652	C03512
C00078	C15522
C00272	C15522
C00643	C15522
C00078	C05650
C00078	C22239
C00643	C05650
C00643	C22239
C05650	C22239
C00079	C05332
C00079	C00082
C00079	C00268
C00079	C00272
C00082	C00268
C00082	C00272
C00079	C01648
C00079	C03511
C01648	C03511
C00079	C15522
C00082	C15522
C00079	C02135
C00079	C15850
C02135	C15850
C00079	C05650
C00079	C22239
C00082	C05650
C00082	C22239
C00082	C00355
C00082	C00483
C00268	C00355
C00272	C00355
C00082	C00822
C00355	C00822
C00082	C00787
C00082	C02839
C00787	C02839
C00082	C01382
C00082	C02515
C00082	C05590
C01382	C02515
C01382	C05590
C02515	C05590
C00082	C01392
C00082	C05234
C01392	C05234
C00355	C15522
C00082	C00708
C00708	C02515
C00082	C01060
C00708	C01060
C00355	C05650
C00355	C22239
C00083	C00229
C00083	C01209
C00229	C01209
C00083	C00154
C00083	C16216
C00154	C16216
C00083	C20876
C00083	C20877
C20876	C20877
C00083	C00383
C00084	C00469
C00084	C00346
C00084	C00118
C00084	C00673
C00118	C00673
C00084	C00536
C00084	C04895
C00084	C20239
C00536	C04895
C00536	C20239
C04895	C20239
C00085	C00095
C00085	C00665
C00085	C00104
C00104	C00354
C00085	C00092
C00085	C00275
C00095	C00104
C00085	C00118
C00085	C00231
C00085	C00279
C00118	C00279
C00231	C00279
C00085	C00131
C00085	C00206
C00095	C00131
C00095	C00206
C00085	C05382
C00118	C05382
C00279	C05382
C00085	C00668
C00086	C00099
C00086	C03065
C00099	C03065
C00086	C00334
C00086	C01035
C00086	C00499
C00086	C00603
C00499	C00603
C00087	C03024
C00087	C03161
C00087	C06604
C00087	C06606
C03024	C06604
C03024	C06606
C03161	C06604
C03161	C06606
C06604	C06606
C00089	C00267
C00089	C02336
C00267	C02336
C00089	C00124
C00089	C00492
C00124	C00492
C00090	C02351
C00090	C04221
C00091	C01213
C00091	C15973
C00091	C16254
C15973	C16254
C00092	C01236
C00092	C04006
C00092	C00103
C00093	C00116
C00093	C15602
C00093	C15603
C00111	C15602
C00111	C15603
C00093	C00114
C00093	C00670
C00114	C00670
C00093	C00137
C00093	C01225
C00137	C01225
C00093	C00189
C00093	C01233
C00189	C01233
C00093	C00605
C00605	C00681
C00093	C00390
C00093	C00399
C00111	C00390
C00111	C00399
C00093	C00173
C00093	C00229
C00173	C00229
C00173	C00681
C00229	C00681
C00094	C00177
C00094	C00320
C00094	C01755
C00177	C00320
C00177	C01755
C00320	C01755
C00095	C01094
C00095	C05345
C00095	C00794
C00096	C00636
C00096	C01222
C00096	C00110
C00096	C03862
C00110	C03862
C00096	C02905
C00096	C22527
C02905	C22527
C00096	C04537
C00096	C05860
C04537	C05860
C00096	C05861
C05860	C05861
C00097	C00606
C00097	C00109
C00097	C02291
C00109	C02291
C00097	C01879
C00669	C01879
C00097	C01639
C00097	C03125
C01639	C03125
C00097	C03492
C00097	C04352
C03492	C04352
C00097	C17234
C02291	C17234
C00099	C05665
C00099	C02642
C00099	C00135
C00099	C00386
C00135	C00386
C00099	C01152
C00099	C01262
C01152	C01262
C00099	C02385
C02385	C05340
C00100	C00349
C00100	C00163
C00100	C05983
C00100	C06002
C00100	C00288
C00100	C00683
C00288	C00683
C00100	C01794
C00100	C05467
C01794	C05467
C00100	C04253
C00100	C04570
C00894	C04253
C00894	C04570
C00100	C05337
C00100	C05449
C05337	C05449
C00100	C07296
C00100	C07297
C07296	C07297
C00100	C02557
C00100	C15973
C00100	C21018
C15973	C21018
C00100	C21906
C00100	C23013
C21906	C23013
C00101	C00415
C00101	C00504
C00101	C01026
C00143	C01026
C00213	C01026
C01026	C04253
C01026	C04570
C00101	C02430
C00101	C03294
C00234	C02430
C00234	C03294
C02430	C03294
C00101	C01242
C00101	C02972
C00143	C01242
C00143	C02972
C01242	C02972
C00101	C03838
C00101	C04376
C00234	C03838
C00234	C04376
C03838	C04376
C00101	C00445
C00445	C03838
C00445	C04376
C00101	C04677
C00101	C04734
C00234	C04677
C00234	C04734
C04677	C04734
C00103	C00668
C00103	C00197
C00103	C00236
C00103	C01231
C00197	C00236
C00197	C01231
C00236	C01231
C00103	C00718
C00103	C00369
C00369	C00718
C00103	C00394
C00104	C00130
C00104	C00159
C00104	C00275
C00159	C00275
C00104	C00329
C00104	C00352
C00329	C00352
C00104	C00490
C00104	C00531
C00490	C00531
C00104	C00738
C00104	C02965
C00738	C02965
C00104	C00794
C00104	C01096
C00794	C01096
C00104	C01097
C00104	C03785
C00106	C00429
C00106	C00299
C00106	C00620
C00299	C00620
C00106	C00526
C00106	C00672
C00526	C00672
C00109	C00188
C00109	C05984
C00109	C05335
C00109	C05703
C05335	C05703
C00109	C05688
C00109	C05699
C05688	C05699
C00109	C20905
C00110	C00621
C00110	C02189
C00110	C02863
C02189	C02863
C02189	C03862
C02863	C03862
C00110	C19803
C00110	C20722
C03862	C19803
C03862	C20722
C19803	C20722
C00110	C02732
C00110	C23154
C02732	C03862
C02732	C23154
C03862	C23154
C00111	C00184
C00111	C00118
C00111	C00354
C00118	C00354
C00111	C05378
C00118	C05378
C00111	C00279
C00111	C00447
C00279	C00447
C00111	C00577
C00111	C01094
C00577	C01094
C00112	C00342
C00112	C00343
C00112	C00705
C00342	C00705
C00343	C00705
C00114	C00588
C00114	C00157
C00114	C00416
C00157	C00416
C00116	C00577
C00116	C00124
C00116	C05401
C00124	C05401
C00116	C00162
C00116	C00422
C00162	C00422
C00162	C01885
C00116	C02112
C00162	C02112
C00116	C01177
C00116	C01225
C01177	C01225
C00117	C00119
C00117	C00121
C00117	C00301
C00117	C00199
C00117	C00620
C00117	C00118
C00117	C00231
C00231	C05382
C00117	C12214
C00117	C12215
C05382	C12214
C05382	C12215
C12214	C12215
C00118	C00577
C00118	C00236
C00118	C05345
C00279	C05345
C05345	C05382
C00231	C05345
C00119	C00147
C00119	C00130
C00119	C00262
C00130	C00262
C00119	C00144
C00119	C00242
C00144	C00242
C00119	C00153
C00119	C00455
C00153	C00455
C00119	C00253
C00119	C01185
C00253	C01185
C00119	C00295
C00119	C01103
C00295	C01103
C00119	C00385
C00119	C00655
C00385	C00655
C00119	C03722
C01185	C03722
C00119	C04051
C00119	C04677
C04051	C04677
C00119	C07649
C00119	C16634
C07649	C16634
C00119	C02380
C00119	C04646
C02380	C04646
C00119	C16614
C00119	C16615
C16614	C16615
C00119	C07648
C00119	C16619
C07648	C16619
C00120	C05921
C00120	C04681
C00120	C04735
C04681	C04735
C00120	C04682
C00120	C04736
C04682	C04736
C00120	C04727
C00120	C04763
C04727	C04763
C00120	C04801
C00120	C04827
C04801	C04827
C00122	C00149
C00122	C03794
C00122	C00164
C00122	C01061
C00164	C01061
C00122	C04677
C00122	C04823
C04677	C04823
C00122	C22395
C00122	C22441
C22395	C22441
C00123	C01645
C00123	C02047
C01645	C02047
C00124	C01697
C00124	C05796
C00124	C00137
C00124	C01235
C00137	C01235
C00124	C00159
C00124	C05400
C00159	C05400
C00124	C00243
C00124	C00267
C00243	C00267
C00124	C00794
C00124	C05399
C00794	C05399
C00124	C01190
C00124	C01290
C00124	C00195
C00124	C02686
C00124	C04737
C00124	C01613
C00492	C01613
C00124	C06126
C02686	C06126
C00124	C03692
C00124	C06037
C03692	C06037
C00124	C04884
C00124	C04911
C00124	C06135
C00124	C06136
C00124	C05404
C05402	C05404
C00124	C00984
C00124	C00319
C00124	C01747
C00125	C00390
C00125	C00399
C00126	C00390
C00126	C00399
C00125	C15602
C00125	C15603
C00126	C15602
C00126	C15603
C00129	C01143
C00129	C00235
C00129	C00341
C00235	C00341
C00129	C00448
C00341	C00448
C00129	C00353
C00353	C00448
C00129	C05859
C00448	C05859
C00129	C17432
C00448	C17432
C00130	C00294
C00130	C04734
C00130	C00655
C00130	C00144
C00131	C00159
C00131	C00275
C00159	C00206
C00206	C00275
C00131	C00329
C00131	C00352
C00206	C00329
C00206	C00352
C00131	C00738
C00131	C02965
C00206	C00738
C00206	C02965
C00131	C00794
C00131	C01096
C00206	C00794
C00206	C01096
C00132	C01573
C00132	C21151
C01573	C21151
C00134	C00170
C00134	C00315
C00134	C01137
C00170	C00315
C00170	C01137
C00315	C01137
C00135	C00388
C00135	C00785
C00135	C00334
C00135	C00884
C00334	C00884
C00135	C01643
C00135	C02988
C01643	C02988
C00136	C00246
C00136	C00288
C00136	C18026
C00288	C18026
C00137	C00191
C00137	C01177
C00137	C03546
C00137	C04006
C00137	C15585
C00138	C00410
C00138	C05498
C00139	C00410
C00139	C05498
C00410	C05498
C00138	C00735
C00138	C05488
C00139	C00735
C00139	C05488
C00735	C05488
C00138	C01176
C00138	C05497
C00139	C01176
C00139	C05497
C01176	C05497
C00138	C02140
C00138	C03205
C00139	C02140
C00139	C03205
C02140	C03205
C00138	C05487
C00138	C05489
C00139	C05487
C00139	C05489
C05487	C05489
C00138	C21920
C00139	C21920
C21918	C21920
C21920	C21921
C00140	C01674
C00140	C00357
C00140	C00461
C00140	C00645
C00140	C04010
C00140	C04755
C04010	C04755
C00140	C02189
C00140	C19802
C00140	C19803
C00140	C19804
C00141	C15972
C00141	C15977
C00143	C00445
C00143	C00440
C00143	C00364
C00143	C00365
C00143	C00415
C00364	C00365
C00364	C00415
C00365	C00415
C00144	C00387
C00144	C01261
C00144	C00942
C00145	C00496
C00145	C04090
C00496	C04090
C00145	C00283
C00145	C15496
C00145	C21740
C00145	C21741
C00283	C15496
C00283	C21740
C00283	C21741
C15496	C21740
C15496	C21741
C21740	C21741
C00147	C00170
C00147	C04188
C00170	C04188
C00147	C00212
C00147	C00620
C00212	C00620
C00147	C00559
C00147	C00672
C00559	C00672
C00148	C03912
C00148	C15602
C00148	C15603
C03912	C15602
C03912	C15603
C00148	C01649
C00148	C02702
C01649	C02702
C00151	C01879
C01879	C03740
C00152	C01637
C00152	C03402
C01637	C03402
C00153	C00301
C00153	C00253
C00153	C13051
C00253	C13051
C00153	C00613
C00153	C16011
C00613	C16011
C00153	C00620
C00153	C03150
C00620	C03150
C00153	C03245
C00153	C13050
C00153	C20742
C00153	C01997
C00153	C02415
C00153	C20658
C01997	C20658
C02415	C20658
C00153	C02188
C00153	C20743
C02188	C20658
C20658	C20743
C00153	C15972
C00153	C16240
C00153	C22690
C15972	C16240
C15972	C22690
C16240	C22690
C00154	C00249
C00154	C00318
C00154	C02990
C00318	C02990
C00154	C00473
C00154	C02588
C00473	C02588
C00154	C00899
C00154	C03455
C00899	C03455
C00154	C02743
C00154	C17202
C02743	C17202
C00154	C00996
C00154	C00999
C00154	C21943
C00996	C00999
C00996	C21943
C00999	C21943
C00154	C21072
C00996	C21072
C00999	C21072
C00156	C05847
C00156	C05848
C05847	C05848
C00156	C04146
C00156	C05809
C04146	C05809
C00156	C01230
C00156	C13425
C01230	C13425
C00156	C03885
C00156	C04145
C03885	C04145
C00157	C00162
C00157	C00670
C00162	C00670
C00162	C04230
C00162	C04233
C00157	C00219
C00219	C04230
C00157	C00370
C00157	C01958
C00370	C01958
C00370	C04230
C01958	C04230
C00157	C04680
C00157	C17276
C04233	C04680
C04233	C17276
C04680	C17276
C00157	C01595
C01595	C04230
C00157	C06427
C04230	C06427
C04233	C06427
C00157	C00473
C00157	C02075
C00473	C04233
C02075	C04233
C00157	C00195
C00157	C00550
C00195	C00550
C00195	C00641
C00550	C00641
C00158	C00311
C00158	C00417
C00159	C02492
C00159	C01335
C00159	C02478
C01335	C02478
C00159	C17207
C00160	C00988
C00162	C03024
C00162	C03161
C00162	C03547
C03024	C03547
C03161	C03547
C00162	C00187
C00162	C02530
C00162	C00195
C00162	C00319
C00162	C00350
C00162	C04438
C00162	C05973
C00350	C05973
C00162	C00370
C00162	C01958
C00162	C00641
C00641	C02112
C00162	C00958
C00162	C04517
C00958	C04517
C00162	C01233
C01233	C04438
C01233	C05973
C00162	C02737
C00162	C05974
C02737	C05974
C00162	C05102
C03024	C05102
C03161	C05102
C00162	C11547
C00162	C11548
C11547	C11548
C00162	C00836
C00162	C12126
C00162	C12144
C00162	C12145
C12144	C12145
C00162	C00899
C00162	C02075
C00899	C02075
C00162	C18125
C00162	C22237
C18125	C22237
C00162	C01194
C00162	C22400
C01194	C22400
C00162	C00416
C00162	C03974
C00416	C03974
C00163	C05983
C00164	C01089
C00166	C05852
C00166	C02763
C00167	C00190
C00168	C00258
C00168	C01146
C00169	C01563
C00170	C00750
C00750	C01137
C00170	C01672
C00170	C16565
C01137	C01672
C01137	C16565
C01672	C16565
C00173	C00685
C00173	C01209
C00229	C00685
C00685	C01209
C00173	C00416
C00229	C00416
C00177	C00853
C00177	C02823
C00853	C02823
C00178	C21028
C00178	C00214
C00178	C00672
C00214	C00672
C00180	C06206
C00180	C01416
C00180	C12448
C01416	C12448
C00181	C02266
C00181	C00379
C00183	C01653
C00183	C02554
C01653	C02554
C00185	C00221
C00187	C01164
C00187	C00662
C00187	C00667
C00187	C05500
C00662	C00667
C00662	C05500
C00667	C05500
C00187	C01802
C00187	C03024
C00187	C03161
C00187	C03594
C03024	C03594
C03161	C03594
C00187	C05502
C00662	C05502
C00667	C05502
C00187	C01953
C00187	C02373
C00662	C01953
C00662	C02373
C00667	C01953
C00667	C02373
C01953	C02373
C00187	C13550
C03024	C13550
C03161	C13550
C00187	C15610
C00662	C15610
C00667	C15610
C00187	C00599
C00188	C01651
C00188	C02992
C01651	C02992
C00188	C00288
C00188	C20641
C00288	C20641
C00189	C00346
C00189	C00347
C00189	C04080
C00347	C04080
C00189	C00416
C00350	C00416
C00189	C03968
C00189	C04476
C03968	C04476
C00189	C04756
C00189	C15647
C04756	C15647
C00189	C04635
C00189	C15646
C04635	C15646
C00189	C00219
C00189	C11695
C00219	C11695
C00191	C00800
C00191	C04900
C00191	C12632
C04900	C12632
C00191	C11173
C00191	C11376
C00191	C20380
C00191	C20383
C20380	C20383
C00194	C00536
C00194	C00853
C00536	C00853
C00194	C00541
C00194	C03024
C00194	C03161
C00536	C00541
C00536	C03024
C00536	C03161
C00541	C03024
C00541	C03161
C00195	C02960
C00195	C00588
C00550	C00588
C00195	C00996
C00195	C00999
C00195	C12126
C00996	C12126
C00999	C12126
C00195	C00221
C00221	C01190
C00195	C00962
C00962	C02686
C00195	C00350
C00350	C06062
C00641	C06062
C00197	C03232
C00197	C00615
C00197	C01159
C00197	C04262
C00615	C01159
C00615	C04262
C01159	C04262
C00197	C00631
C00198	C00257
C00198	C00221
C00199	C00309
C00199	C00345
C00199	C00231
C00201	C00215
C00201	C00239
C00201	C00881
C00239	C00454
C00239	C00881
C00454	C00881
C00201	C01117
C00201	C20864
C00206	C00360
C00206	C00342
C00206	C00343
C00208	C00369
C00208	C00721
C00369	C00721
C00208	C01935
C00212	C00294
C00214	C00364
C00215	C00454
C00217	C00819
C00217	C02237
C00219	C05956
C00219	C05966
C00219	C05356
C00219	C05965
C00219	C03024
C00219	C03161
C00219	C14748
C03024	C14748
C03161	C14748
C00219	C14749
C03024	C14749
C03161	C14749
C00219	C14771
C00219	C14770
C00219	C14769
C00219	C14768
C00219	C14778
C00219	C02249
C00219	C00909
C00221	C01172
C00221	C00267
C00221	C05394
C00221	C05403
C05394	C05403
C00221	C03742
C00221	C05143
C03742	C05143
C00221	C08334
C00221	C18796
C08334	C18796
C00221	C01594
C00221	C02659
C01594	C02659
C00221	C10208
C00221	C10216
C10208	C10216
C00221	C06563
C00221	C09126
C06563	C09126
C00221	C00389
C00221	C05623
C00389	C05623
C00221	C00509
C00221	C09099
C00509	C09099
C00226	C02843
C00229	C00249
C00229	C05764
C00249	C05764
C00229	C02679
C00229	C05223
C02679	C05223
C00229	C05744
C01209	C03939
C01209	C05744
C03939	C05744
C00229	C05759
C01209	C05223
C01209	C05759
C05223	C05759
C00229	C05745
C00229	C05746
C01209	C05745
C01209	C05746
C05745	C05746
C00229	C05749
C00229	C05750
C01209	C05749
C01209	C05750
C05749	C05750
C00229	C05752
C00229	C05753
C01209	C05752
C01209	C05753
C05752	C05753
C00229	C05755
C00229	C05756
C01209	C05755
C01209	C05756
C05755	C05756
C00229	C05761
C00229	C05762
C01209	C05761
C01209	C05762
C05761	C05762
C00229	C16219
C01209	C05764
C01209	C16219
C05764	C16219
C00229	C16236
C00229	C16240
C05752	C16236
C05752	C16240
C16236	C16240
C00229	C16237
C00229	C16239
C16237	C16239
C16237	C16240
C16239	C16240
C00229	C06423
C05752	C06423
C00229	C01571
C01571	C05755
C00229	C19673
C00229	C20372
C01209	C19673
C01209	C20372
C19673	C20372
C00229	C20375
C00229	C20376
C01209	C20375
C01209	C20376
C20375	C20376
C00229	C00638
C00229	C20683
C00638	C20683
C00229	C22158
C00229	C22160
C05752	C22158
C05752	C22160
C22158	C22160
C00229	C22157
C00229	C22159
C05752	C22157
C05752	C22159
C22157	C22159
C00231	C00310
C00233	C15972
C00233	C15975
C00234	C00445
C00235	C04432
C00235	C17324
C04432	C17324
C00236	C01159
C00237	C00389
C00237	C04524
C00389	C04524
C00239	C00365
C00239	C00705
C00239	C00458
C00242	C00385
C00242	C00330
C00242	C00672
C00330	C00672
C00242	C00387
C00242	C00620
C00387	C00620
C00242	C01449
C00242	C01977
C00242	C01978
C01449	C01977
C01449	C01978
C01977	C01978
C00245	C00506
C00245	C01794
C00245	C05122
C01794	C05122
C00245	C05337
C00245	C05465
C05337	C05465
C00247	C01507
C00248	C00579
C00249	C02743
C00249	C17202
C00249	C03024
C00249	C03161
C00249	C18218
C03024	C18218
C03161	C18218
C00253	C00620
C00253	C05841
C00620	C05841
C00253	C20742
C13051	C20742
C00255	C01007
C00257	C00345
C00258	C00577
C00258	C00631
C00259	C00532
C00262	C00294
C00262	C00620
C00294	C00620
C00262	C00672
C00262	C05512
C00672	C05512
C00264	C00640
C00265	C01119
C00265	C02059
C00265	C05849
C01119	C02059
C01119	C05849
C02059	C05849
C00265	C01628
C00265	C16711
C01119	C01628
C01119	C16711
C01628	C16711
C00265	C00828
C00265	C20265
C00828	C01119
C00828	C20265
C01119	C20265
C00267	C00668
C00267	C00794
C00267	C00369
C00267	C00718
C00268	C15522
C00270	C06241
C00270	C01290
C00270	C04730
C00270	C02686
C00270	C06128
C02686	C06128
C00270	C04884
C00270	C06135
C00270	C04911
C00270	C04927
C00270	C06139
C00270	C06140
C06139	C06140
C00270	C06141
C00272	C04244
C00272	C03684
C00272	C21640
C00272	C02953
C00275	C00636
C00275	C05345
C00280	C03772
C00280	C00535
C00280	C01227
C00280	C05290
C03024	C05290
C03161	C05290
C00280	C05296
C03024	C05296
C03161	C05296
C00280	C00662
C00280	C00667
C00280	C05284
C00662	C05284
C00667	C05284
C00280	C20252
C00280	C00674
C00283	C02743
C00283	C21440
C00342	C02743
C00342	C21440
C00343	C02743
C00343	C21440
C00288	C03069
C00288	C03231
C03069	C03231
C00288	C04419
C00288	C06250
C00288	C20969
C00295	C00337
C00295	C15602
C00295	C15603
C00337	C15602
C00337	C15603
C00299	C00475
C00300	C02305
C00301	C00613
C00301	C16011
C00301	C13050
C00310	C00379
C00311	C05379
C00311	C00417
C00312	C00379
C00312	C00618
C00314	C00627
C00315	C00986
C00315	C07281
C00315	C07282
C00986	C07281
C00986	C07282
C07281	C07282
C00315	C15853
C00318	C01944
C00318	C02838
C01944	C02838
C00319	C06124
C00325	C02985
C00325	C00694
C00325	C01311
C00694	C01311
C00325	C02900
C00325	C04648
C02900	C04648
C00325	C04656
C00325	C04850
C04656	C04850
C00325	C01222
C00325	C14830
C00327	C05933
C00533	C05933
C00327	C00543
C00327	C03626
C00543	C03626
C00328	C03227
C00330	C00362
C00332	C01144
C00334	C00555
C00337	C00438
C00339	C03129
C00339	C03372
C00339	C03715
C03129	C03372
C03129	C03715
C03372	C03715
C00339	C02843
C00339	C01629
C01629	C02843
C00342	C00361
C00343	C00361
C00342	C03023
C00342	C03895
C00343	C03023
C00343	C03895
C03023	C03895
C00342	C03723
C00342	C04232
C00343	C03723
C00343	C04232
C03723	C04232
C00342	C15653
C00343	C15653
C03023	C15653
C00342	C00427
C00342	C00639
C00343	C00427
C00343	C00639
C00427	C00639
C00342	C21748
C00342	C21750
C00343	C21748
C00343	C21750
C21748	C21750
C00342	C01335
C00342	C15498
C00343	C01335
C00343	C15498
C00345	C01236
C00346	C00350
C00346	C00641
C00346	C00517
C00346	C01120
C00517	C01120
C00346	C06123
C00346	C06124
C06123	C06124
C00349	C01188
C00355	C03758
C00356	C00418
C00356	C03231
C00357	C04501
C00360	C00559
C00361	C00362
C00363	C00364
C00363	C00459
C00364	C00459
C00365	C01346
C00365	C00526
C00365	C00460
C00370	C02843
C00370	C22215
C02843	C22215
C00376	C02094
C00376	C00473
C00377	C02506
C00377	C03024
C00377	C03161
C02506	C03024
C02506	C03161
C00377	C03336
C03024	C03336
C03161	C03336
C00377	C00662
C00377	C00667
C00377	C01058
C00662	C01058
C00667	C01058
C00378	C01081
C00381	C22975
C00385	C00620
C00385	C01762
C00620	C01762
C00390	C04253
C00390	C04570
C00399	C04253
C00399	C04570
C00401	C01490
C00407	C01644
C00407	C03127
C01644	C03127
C00410	C04042
C00410	C03681
C00410	C01176
C00410	C03024
C00410	C03161
C00410	C03205
C03024	C03205
C03161	C03205
C00410	C01953
C00410	C05479
C00412	C00510
C00412	C00996
C00412	C00999
C00510	C00996
C00510	C00999
C00412	C16218
C00412	C01530
C00415	C00504
C00416	C00641
C00416	C00605
C00416	C03121
C00416	C04195
C03121	C04195
C00416	C04248
C00416	C15658
C04248	C15658
C00416	C19776
C00417	C00490
C00418	C01107
C00418	C00772
C00419	C03463
C00422	C00605
C00605	C00641
C00427	C00584
C00427	C00696
C00427	C01312
C00427	C02198
C00429	C02642
C00430	C00931
C00439	C03680
C00445	C03479
C00445	C00664
C00446	C00984
C00447	C05382
C00448	C03428
C00448	C00751
C00448	C20119
C00448	C20120
C20119	C20120
C00450	C04076
C00450	C00956
C00454	C01117
C00455	C03150
C00458	C00705
C00460	C01346
C00461	C01674
C00468	C00951
C00468	C05298
C00468	C05300
C00472	C00530
C00473	C00662
C00473	C00667
C00473	C21797
C00662	C21797
C00667	C21797
C00483	C03758
C00486	C00500
C00510	C00712
C00510	C21935
C00996	C21935
C00999	C21935
C00519	C00606
C00519	C01678
C00521	C00964
C00521	C03024
C00521	C03161
C00964	C03024
C00964	C03161
C00521	C02452
C02452	C03024
C02452	C03161
C00523	C00674
C00523	C03852
C00525	C15605
C00526	C00881
C00527	C04253
C00527	C04570
C00877	C04253
C00877	C04570
C00527	C06157
C00527	C15973
C06157	C15973
C00527	C02411
C02411	C04253
C02411	C04570
C00534	C00647
C00535	C03917
C00535	C05293
C00535	C04295
C00535	C05294
C03024	C05294
C03161	C05294
C00535	C05291
C03024	C05291
C03161	C05291
C00536	C03684
C03684	C04895
C00536	C06505
C00536	C06506
C06505	C06506
C00536	C05774
C00536	C06508
C05774	C06508
C00536	C06504
C03024	C06504
C03024	C06506
C03161	C06504
C03161	C06506
C06504	C06506
C00544	C01036
C00544	C01179
C00546	C00937
C00546	C05999
C00559	C05512
C00576	C00719
C00583	C05999
C00584	C04707
C00584	C00639
C00585	C01167
C00590	C15805
C00591	C01200
C00599	C03091
C00599	C03238
C00601	C07086
C00605	C01885
C00605	C02112
C00613	C03022
C00613	C01432
C00613	C21466
C01432	C21466
C00615	C04261
C00618	C00800
C00619	C01034
C00619	C02797
C00619	C02940
C00620	C07649
C00620	C16633
C07649	C16633
C00620	C15586
C00620	C15587
C15586	C15587
C00621	C03021
C00621	C04213
C00621	C11572
C03021	C04213
C03021	C11572
C04213	C11572
C00625	C00686
C00625	C03000
C00630	C15973
C00630	C15977
C15973	C15977
C00631	C01159
C00632	C04409
C00637	C00954
C00638	C02843
C00638	C03024
C00638	C03161
C00638	C21886
C03024	C21886
C03161	C21886
C00639	C05960
C00639	C00696
C00640	C00658
C00640	C05067
C00641	C01177
C00641	C01194
C01177	C01194
C00641	C01245
C00641	C04637
C01245	C04637
C00641	C01220
C00641	C01277
C01220	C01277
C00642	C03765
C00643	C00780
C00643	C05648
C00645	C04257
C00655	C01762
C00655	C00700
C00655	C04392
C00700	C04392
C00658	C02843
C00658	C01086
C00662	C01124
C00662	C02140
C00667	C01124
C00667	C02140
C01124	C02140
C00662	C01780
C00667	C01780
C01124	C01780
C00662	C01301
C00662	C05446
C00667	C01301
C00667	C05446
C01301	C05446
C00662	C01561
C00662	C01673
C00667	C01561
C00667	C01673
C01561	C01673
C00662	C05501
C00667	C05501
C01953	C05501
C02373	C05501
C00662	C05138
C00662	C05499
C00667	C05138
C00667	C05499
C02373	C05138
C02373	C05499
C05138	C05499
C00662	C05444
C00662	C05452
C00667	C05444
C00667	C05452
C05444	C05452
C00662	C05454
C00667	C05454
C05446	C05454
C05500	C05501
C05501	C05502
C00662	C04554
C00662	C05445
C00667	C04554
C00667	C05445
C04554	C05445
C00662	C04722
C00667	C04722
C01301	C04722
C00662	C03205
C00667	C03205
C01780	C03205
C00662	C18231
C00667	C18231
C01673	C18231
C00662	C07712
C00667	C07712
C01561	C07712
C04722	C05454
C07712	C18231
C00665	C05345
C00668	C01172
C00668	C05345
C00671	C15972
C00671	C15979
C00672	C00673
C00672	C07649
C00672	C11736
C07649	C11736
C00672	C15587
C00672	C20463
C15587	C20463
C00673	C01801
C00674	C07635
C00674	C03917
C00676	C02269
C00681	C01885
C00683	C01213
C00695	C01794
C00695	C02528
C00695	C03024
C00695	C03161
C02528	C03024
C02528	C03161
C00696	C05959
C00712	C03024
C00712	C03161
C00712	C19616
C03024	C19616
C03161	C19616
C00712	C19670
C00717	C01370
C00722	C15588
C00735	C00762
C00735	C03024
C00735	C03161
C00735	C05497
C00735	C05489
C00735	C05471
C00740	C02532
C00751	C03428
C00751	C01054
C00751	C03024
C00751	C03161
C01054	C03024
C01054	C03161
C00756	C01545
C00759	C01022
C00762	C03588
C00762	C05469
C00777	C03024
C00777	C03161
C00777	C16679
C03024	C16679
C03161	C16679
C00777	C16680
C00777	C16677
C03024	C16677
C03161	C16677
C00778	C02456
C00780	C05647
C00785	C03680
C00798	C22401
C00798	C22402
C22401	C22402
C00798	C22405
C00798	C22406
C22405	C22406
C00800	C01040
C00804	C05985
C00811	C01197
C00811	C16828
C01197	C16828
C00818	C02670
C00828	C05819
C00829	C14786
C00829	C14787
C00831	C01134
C00831	C00864
C00831	C01678
C00864	C01678
C00835	C02953
C00836	C01120
C00836	C02934
C00836	C00996
C00836	C00999
C00836	C12144
C00996	C12144
C00999	C12144
C00842	C02097
C00842	C11907
C00857	C01185
C00864	C03492
C00865	C01356
C00868	C02764
C00870	C03360
C00870	C06604
C00870	C06607
C06604	C06607
C00870	C06606
C00870	C06608
C06606	C06608
C00877	C01144
C00877	C02411
C00877	C05116
C00882	C01134
C00894	C05668
C00899	C02110
C00899	C03889
C00899	C04233
C03455	C03889
C03455	C04233
C03889	C04233
C00909	C02165
C00909	C05356
C00911	C02520
C00923	C00924
C00931	C01024
C00951	C05301
C00951	C05141
C00956	C04076
C00957	C05823
C00986	C15853
C00986	C15854
C07281	C15853
C07281	C15854
C15853	C15854
C00991	C05227
C00996	C02050
C00996	C03035
C00999	C02050
C00999	C03035
C02050	C03035
C00996	C04530
C00996	C04814
C00999	C04530
C00999	C04814
C04530	C04814
C00996	C04475
C00996	C04756
C00999	C04475
C00999	C04756
C04475	C04756
C00996	C11509
C00999	C11509
C04814	C11509
C00996	C04840
C00999	C04840
C04840	C11509
C00996	C12145
C00999	C12145
C12126	C12145
C00996	C01164
C00996	C01189
C00999	C01164
C00999	C01189
C01164	C01189
C00996	C15782
C00996	C15783
C00999	C15782
C00999	C15783
C15782	C15783
C00996	C15777
C00996	C15780
C00999	C15777
C00999	C15780
C15777	C15780
C00996	C05108
C00996	C15808
C00999	C05108
C00999	C15808
C05108	C15808
C00996	C16162
C00996	C16163
C00999	C16162
C00999	C16163
C16162	C16163
C04530	C04840
C00996	C21020
C00999	C21020
C12145	C21020
C00996	C02249
C00996	C03595
C00999	C02249
C00999	C03595
C02249	C03595
C00996	C16164
C00996	C16165
C00999	C16164
C00999	C16165
C16164	C16165
C00996	C16167
C00996	C16168
C00999	C16167
C00999	C16168
C16167	C16168
C00996	C16171
C00996	C16172
C00999	C16171
C00999	C16172
C16171	C16172
C00996	C16530
C00996	C21937
C00999	C16530
C00999	C21937
C16530	C21937
C00996	C21939
C00999	C21939
C21937	C21939
C00996	C16179
C00999	C16179
C16164	C16179
C00996	C16180
C00999	C16180
C03595	C16180
C00996	C05103
C00996	C22112
C00999	C05103
C00999	C22112
C05103	C22112
C00997	C01000
C01003	C03875
C01013	C05668
C01015	C01877
C01019	C02985
C01019	C18028
C01024	C01051
C01031	C14180
C01033	C03345
C01033	C04253
C01033	C04570
C03345	C04253
C03345	C04570
C01034	C03836
C01036	C01061
C01051	C03263
C01054	C01724
C01058	C01985
C01060	C01382
C01060	C05590
C01079	C03263
C01086	C01122
C01107	C01143
C01115	C01825
C01117	C04212
C01132	C01290
C01132	C06135
C01132	C03272
C01132	C04925
C01132	C04737
C01132	C04730
C01132	C04884
C01132	C18060
C01132	C03405
C01132	C22467
C01134	C04352
C01141	C04141
C01149	C01181
C01157	C04281
C01157	C15602
C01157	C15603
C04281	C15602
C04281	C15603
C01161	C04043
C01164	C05107
C01165	C03287
C01168	C02067
C01171	C03735
C01172	C01236
C01172	C05345
C01176	C04518
C01176	C05488
C03024	C05488
C03161	C05488
C01176	C05138
C01176	C22831
C01177	C04062
C01177	C04299
C01179	C05350
C01179	C11527
C01179	C03198
C01180	C22315
C01183	C02846
C01185	C05841
C01188	C04047
C01189	C03845
C01189	C05111
C01189	C05439
C01194	C01277
C01194	C04549
C01194	C11557
C01204	C04563
C01204	C01284
C01204	C11526
C01204	C11174
C01205	C21029
C01220	C03546
C01220	C01245
C01222	C14830
C01227	C04295
C01227	C05139
C01227	C18045
C03024	C18045
C03161	C18045
C01227	C20252
C01228	C04494
C01239	C02871
C01239	C04375
C02871	C04375
C01240	C03418
C01243	C04063
C01243	C01272
C01243	C04477
C01243	C04062
C01244	C04367
C01245	C01272
C01245	C11555
C01245	C01284
C01252	C01717
C01256	C01293
C01272	C01284
C01277	C04637
C01277	C11554
C01284	C04477
C01284	C04520
C01284	C11555
C01308	C04726
C01335	C01371
C01335	C03024
C01335	C03161
C01371	C03024
C01371	C03161
C01335	C07292
C01335	C07293
C07292	C07293
C07292	C15498
C07293	C15498
C01344	C01345
C01344	C06196
C01345	C06196
C01380	C06548
C01382	C16732
C01382	C16733
C05590	C16732
C05590	C16733
C16732	C16733
C01382	C16731
C05590	C16731
C01432	C02188
C01432	C21467
C02188	C21467
C01432	C02743
C01432	C21468
C02743	C21468
C01450	C01612
C01528	C05172
C01528	C05684
C01561	C03024
C01561	C03161
C01561	C05443
C03024	C05443
C03161	C05443
C01563	C20969
C01573	C02872
C01595	C04717
C01595	C14825
C01595	C14826
C01595	C02050
C01598	C05642
C01598	C03024
C01598	C03161
C01598	C05643
C03024	C05643
C03161	C05643
C01609	C02729
C01628	C05850
C01647	C05335
C01647	C05336
C05335	C05336
C01664	C02583
C01664	C03636
C02583	C03636
C01693	C04185
C01720	C03827
C01724	C05109
C01779	C02809
C01779	C03024
C01779	C03161
C02809	C03024
C02809	C03161
C01779	C21883
C03024	C21883
C03161	C21883
C01780	C05473
C01792	C02817
C01867	C03157
C01876	C03072
C01876	C22111
C01876	C02945
C01880	C06103
C01953	C03024
C01953	C03161
C01953	C05138
C01953	C05485
C03024	C05485
C03161	C05485
C01953	C18038
C02028	C04131
C02031	C02100
C02038	C02593
C02038	C03881
C02593	C03881
C02041	C06425
C02051	C02972
C02059	C03313
C02059	C03024
C02059	C03161
C02059	C20806
C03024	C20806
C03161	C20806
C02076	C05382
C02076	C06222
C02090	C03170
C02090	C03723
C02090	C04232
C03170	C03723
C03170	C04232
C02094	C12287
C02094	C20695
C12287	C20695
C02112	C03974
C02128	C02374
C02140	C05490
C02140	C03024
C02140	C03161
C02140	C05498
C03024	C05498
C03161	C05498
C02140	C05475
C02141	C22121
C02143	C16581
C02165	C05949
C02165	C03024
C02165	C03161
C02165	C04853
C03024	C04853
C03161	C04853
C02167	C02514
C02189	C22692
C02218	C20904
C02220	C03824
C02232	C14145
C02307	C02308
C02325	C15806
C02336	C05345
C02339	C20183
C02339	C20863
C20183	C20863
C02350	C12248
C02470	C05645
C02528	C05337
C02534	C03254
C02534	C15584
C03254	C15584
C02576	C11924
C02646	C15804
C02743	C03800
C02743	C04250
C02743	C11475
C03800	C04250
C03800	C11475
C04250	C11475
C02743	C15811
C02743	C15812
C15811	C21440
C15812	C21440
C02773	C03658
C02773	C05650
C02773	C22239
C03658	C05650
C03658	C22239
C02805	C02986
C02835	C05130
C02909	C14099
C02939	C04253
C02939	C04570
C03069	C04253
C03069	C04570
C02939	C15973
C02939	C15975
C15973	C15975
C02944	C03221
C02946	C05936
C02962	C18096
C02985	C20836
C02986	C21456
C03012	C06205
C03024	C05487
C03161	C05487
C05138	C05487
C05290	C05297
C05294	C05295
C03024	C05455
C03024	C17339
C03161	C05455
C03161	C17339
C05455	C17339
C05497	C05498
C03024	C05499
C03024	C05500
C03161	C05499
C03161	C05500
C05499	C05500
C03024	C06526
C03024	C07344
C03161	C06526
C03161	C07344
C06526	C07344
C03024	C06099
C03024	C11409
C03161	C06099
C03161	C11409
C06099	C11409
C03024	C05452
C03024	C05454
C03161	C05452
C03161	C05454
C05452	C05454
C03024	C05465
C03024	C15516
C03161	C05465
C03161	C15516
C05465	C15516
C03024	C03990
C03024	C15517
C03161	C03990
C03161	C15517
C03990	C15517
C03024	C15518
C03161	C15518
C13550	C15518
C03024	C15519
C03024	C15520
C03161	C15519
C03161	C15520
C15519	C15520
C03024	C06341
C03024	C15610
C03161	C06341
C03161	C15610
C06341	C15610
C03024	C09844
C03024	C20326
C03161	C09844
C03161	C20326
C09844	C20326
C03024	C06429
C03024	C20855
C03161	C06429
C03161	C20855
C06429	C20855
C03024	C21876
C03024	C21882
C03161	C21876
C03161	C21882
C21876	C21882
C03024	C21884
C03161	C21884
C21876	C21884
C03024	C21920
C03161	C21920
C03024	C22352
C03024	C22353
C03161	C22352
C03161	C22353
C22352	C22353
C03024	C03681
C03024	C22831
C03161	C03681
C03161	C22831
C03681	C22831
C03024	C13712
C03161	C13712
C13712	C22832
C03035	C06426
C03069	C05998
C03150	C15497
C03150	C15602
C03150	C15603
C15497	C15602
C15497	C15603
C03201	C05977
C03205	C05485
C03205	C18040
C03221	C05262
C03242	C03595
C03313	C05849
C03313	C06246
C03313	C06247
C05849	C06246
C05849	C06247
C06246	C06247
C03344	C04405
C03345	C04405
C03356	C04309
C03366	C16741
C03366	C04076
C03373	C04640
C03373	C04751
C03460	C06000
C03461	C16502
C03564	C05147
C03594	C05455
C03633	C03798
C03638	C04312
C03681	C13712
C03681	C18041
C03684	C04244
C03684	C21640
C03723	C16663
C03723	C16664
C04232	C16663
C04232	C16664
C16663	C16664
C03772	C04373
C03824	C04409
C03845	C05437
C03849	C15590
C03852	C03917
C03901	C04445
C03959	C04395
C03998	C04696
C03998	C16669
C04696	C16669
C03998	C20674
C04006	C04063
C04073	C04196
C04079	C04352
C04144	C04489
C04144	C05335
C04144	C05698
C04489	C05335
C04489	C05698
C05335	C05698
C04188	C04582
C04242	C11736
C04242	C21750
C04242	C21751
C04244	C21640
C04246	C04618
C04246	C05745
C04253	C20675
C04253	C20676
C04570	C20675
C04570	C20676
C20675	C20676
C04281	C05947
C04317	C05208
C04317	C05209
C04317	C05210
C05208	C05209
C05208	C05210
C05209	C05210
C04453	C04840
C04453	C08825
C04512	C05067
C04549	C11556
C04549	C11554
C04554	C04644
C04554	C17345
C04563	C22851
C04575	C05422
C04582	C15650
C04599	C04731
C04618	C05744
C04619	C05753
C04619	C05754
C04620	C05750
C04620	C05751
C04632	C04768
C04633	C05762
C04633	C05763
C04637	C05981
C04637	C11557
C04646	C16618
C04646	C16617
C04654	C04741
C04654	C22454
C04671	C04707
C04688	C05759
C04688	C05760
C04722	C04760
C04722	C15613
C04856	C20482
C04874	C04895
C04895	C06148
C04899	C20483
C05011	C07108
C05067	C22258
C05103	C15816
C05108	C11455
C05108	C15915
C05110	C05111
C05139	C05140
C05141	C05300
C05167	C11823
C05172	C06482
C05172	C16638
C06482	C16638
C05223	C05758
C05232	C05329
C05258	C05259
C05258	C05272
C05260	C05261
C05260	C05273
C05262	C05263
C05264	C05265
C05264	C05275
C05266	C05267
C05266	C05276
C05268	C05269
C05268	C05271
C05279	C05280
C05284	C05285
C05284	C18075
C05309	C15602
C05313	C05802
C05335	C05691
C05345	C05378
C05361	C07054
C05361	C07446
C07054	C07446
C05437	C05439
C05437	C22136
C05444	C05445
C05447	C05448
C05451	C05455
C05451	C05452
C05453	C17339
C05453	C05454
C05460	C15614
C05469	C05470
C05471	C05472
C05473	C05474
C05475	C05476
C05476	C05478
C05477	C05478
C05479	C05480
C05487	C05488
C05512	C06196
C05528	C11537
C05576	C05577
C05577	C05580
C05578	C05579
C05578	C15566
C05581	C05582
C05583	C05584
C05638	C05651
C05649	C05650
C05686	C05696
C05686	C05697
C05703	C18902
C05746	C05747
C05747	C05748
C05748	C05749
C05751	C05752
C05754	C05755
C05756	C05757
C05757	C05758
C05760	C05761
C05763	C05764
C05766	C05768
C05770	C14818
C05770	C21284
C14818	C21284
C05819	C06246
C05819	C06247
C05819	C20265
C06246	C20265
C06247	C20265
C05827	C05828
C05848	C17554
C05848	C22150
C05848	C22151
C17554	C22150
C17554	C22151
C05921	C06249
C05921	C06250
C06249	C06250
C05923	C06148
C05924	C15810
C05924	C15814
C05924	C18239
C15810	C15814
C15810	C18239
C15814	C18239
C05924	C19848
C05938	C05947
C05965	C14808
C05965	C14810
C05965	C14807
C05966	C14781
C05966	C14813
C05981	C11554
C06000	C06001
C06001	C06002
C06081	C22974
C06102	C06103
C06109	C06110
C06205	C14786
C06205	C14787
C06232	C18237
C06232	C19848
C18237	C19848
C06341	C17336
C06427	C16162
C06428	C16165
C06429	C16169
C06481	C16638
C06485	C07326
C06611	C06613
C06612	C16348
C06613	C06614
C06615	C16348
C06714	C06715
C06754	C06755
C06754	C07047
C06754	C16550
C07047	C16550
C06754	C16555
C07047	C16555
C06790	C11148
C06790	C14866
C06800	C19585
C06800	C16756
C06800	C19595
C06800	C19586
C06868	C07496
C06899	C11150
C06899	C07490
C07073	C16561
C07073	C16560
C07073	C11004
C07073	C16647
C11004	C16647
C07108	C16545
C07282	C15854
C07446	C07447
C07446	C07585
C07447	C07585
C07535	C14849
C07535	C14850
C07535	C14851
C07572	C16608
C07572	C16607
C07645	C16551
C07645	C07646
C07649	C12739
C07649	C16637
C12739	C16637
C07649	C16630
C08362	C21171
C08362	C21172
C21171	C21172
C08492	C16310
C08601	C21836
C08821	C15783
C11004	C11735
C11004	C16561
C11735	C16561
C11038	C11039
C11039	C21031
C11173	C16641
C11173	C16836
C16641	C16836
C11173	C16543
C11173	C16837
C16543	C16837
C11174	C20690
C11508	C15776
C11522	C15776
C11524	C11525
C11526	C20690
C11556	C11557
C11945	C11947
C11946	C11947
C12144	C12146
C12145	C12146
C12205	C15807
C12650	C16635
C12650	C16834
C16635	C16834
C12739	C16635
C13712	C18042
C13713	C18040
C13747	C16365
C13747	C16358
C14040	C14802
C14040	C14800
C14089	C14090
C14144	C14145
C14556	C14854
C14768	C14772
C14769	C14773
C14770	C14774
C14771	C14775
C14781	C14782
C14800	C14801
C14807	C14812
C14813	C14814
C14839	C14844
C14840	C14842
C14850	C14852
C14852	C14853
C15518	C17331
C15520	C17332
C15596	C15597
C15606	C15651
C15606	C15650
C15613	C17343
C15650	C15651
C15670	C22329
C15777	C22122
C15780	C15781
C15782	C22123
C15785	C15786
C15796	C15797
C15808	C15816
C15810	C15813
C15972	C15973
C15973	C15979
C15973	C15980
C15979	C15980
C15988	C15989
C16014	C16015
C16216	C16217
C16217	C16218
C16237	C16832
C16328	C16329
C16329	C16330
C16332	C16333
C16333	C16334
C16336	C16337
C16337	C16338
C16374	C16375
C16387	C16388
C16453	C19574
C16453	C19563
C16453	C19566
C16468	C16469
C16469	C16471
C16546	C16547
C16586	C16587
C16587	C16591
C16595	C16596
C16608	C16609
C16630	C16631
C16631	C16632
C16633	C16634
C16634	C21748
C16681	C16682
C16756	C19594
C17234	C20905
C17267	C21787
C17324	C20641
C17324	C20751
C20641	C20751
C17333	C17335
C17335	C17337
C17345	C17346
C17552	C17559
C17552	C19858
C17552	C22150
C17552	C22151
C19858	C22150
C19858	C22151
C17561	C17562
C18026	C20238
C18041	C18042
C18239	C21310
C19080	C19085
C19488	C19489
C19488	C19604
C19489	C19490
C19490	C19559
C19574	C19577
C19574	C19580
C19586	C19588
C19604	C19607
C19803	C22693
C19967	C19968
C19968	C20176
C19969	C19970
C20458	C20459
C20734	C21366
C20832	C20833
C20832	C20837
C20835	C20836
C20840	C23011
C20876	C20879
C20877	C20878
C20878	C20879
C21028	C21029
C21072	C21171
C21072	C21172
C21377	C21378
C21458	C21465
C21748	C21749
C21750	C21751
C21762	C21777
C21775	C21776
C21925	C21926
C22112	C22136
C22235	C22274
C22441	C22442
C22442	C22443
C22573	C22574
C22831	C22832
C22851	C22852
C22852	C22853
C22853	C22854
C22974	C22975
C23161	C23162
