path:hsa02010	hsa:10057
path:hsa02010	hsa:10058
path:hsa02010	hsa:10060
path:hsa02010	hsa:10257
path:hsa02010	hsa:10347
path:hsa02010	hsa:10349
path:hsa02010	hsa:10350
path:hsa02010	hsa:10351
path:hsa02010	hsa:1080
path:hsa02010	hsa:11194
path:hsa02010	hsa:1244
path:hsa02010	hsa:154664
path:hsa02010	hsa:1672
path:hsa02010	hsa:19
path:hsa02010	hsa:20
path:hsa02010	hsa:21
path:hsa02010	hsa:215
path:hsa02010	hsa:22
path:hsa02010	hsa:225
path:hsa02010	hsa:23456
path:hsa02010	hsa:23457
path:hsa02010	hsa:23460
path:hsa02010	hsa:23461
path:hsa02010	hsa:24
path:hsa02010	hsa:26154
path:hsa02010	hsa:340273
path:hsa02010	hsa:368
path:hsa02010	hsa:4363
path:hsa02010	hsa:5243
path:hsa02010	hsa:5244
path:hsa02010	hsa:5825
path:hsa02010	hsa:5826
path:hsa02010	hsa:64137
path:hsa02010	hsa:64240
path:hsa02010	hsa:64241
path:hsa02010	hsa:6833
path:hsa02010	hsa:6890
path:hsa02010	hsa:6891
path:hsa02010	hsa:85320
path:hsa02010	hsa:8647
path:hsa02010	hsa:8714
path:hsa02010	hsa:89845
path:hsa02010	hsa:94160
path:hsa02010	hsa:9429
path:hsa02010	hsa:9619
